,Pclass,Sex,Age,SibSp,Parch,Fare,Embarked,IsCabin,Ticket_First_Bin,Title_Bin
0,3,male,22.0,0.6931471805599453,0.0,2.1102132003465894,S,0,new1,Mr
1,1,female,38.0,0.6931471805599453,0.0,4.2805931204649,C,1,P,Mrs
2,3,female,26.0,0.0,0.0,2.188856327665703,S,0,S,Mrs
3,1,female,35.0,0.6931471805599453,0.0,3.9908341858524357,S,1,1,Mrs
4,3,male,35.0,0.0,0.0,2.2027647577118348,S,0,3,Mr
5,3,male,30.0,0.0,0.0,2.246892662898172,Q,0,3,Mr
6,1,male,54.0,0.0,0.0,3.967694202798607,S,1,1,Mr
7,3,male,2.0,1.3862943611198906,0.6931471805599453,3.0944457464900235,S,0,3,Master
8,3,female,27.0,0.0,1.0986122886681098,2.495953738718064,S,0,3,Mrs
9,2,female,14.0,0.6931471805599453,0.0,3.436268471383741,C,0,2,Mrs
10,3,female,4.0,0.6931471805599453,0.6931471805599453,2.8735646395797834,S,1,P,Mrs
11,1,female,58.0,0.0,0.0,3.3160025355989236,S,1,1,Mrs
12,3,male,20.0,0.0,0.0,2.2027647577118348,S,0,new1,Mr
13,3,male,39.0,0.6931471805599453,1.791759469228055,3.4742929367327062,S,0,3,Mr
14,3,female,14.0,0.0,0.0,2.180891922715322,S,0,3,Mrs
15,2,female,55.0,0.0,0.0,2.833213344056216,S,0,2,Mrs
16,3,male,2.0,1.6094379124341003,0.6931471805599453,3.405355391810819,Q,0,3,Master
17,2,male,30.0,0.0,0.0,2.6390573296152584,S,0,2,Mr
18,3,female,31.0,0.6931471805599453,0.0,2.9444389791664403,S,0,3,Mrs
19,3,female,15.0,0.0,0.0,2.1071782966514356,C,0,2,Mrs
20,2,male,35.0,0.0,0.0,3.295836866004329,S,0,2,Mr
21,2,male,34.0,0.0,0.0,2.6390573296152584,S,1,2,Mr
22,3,female,15.0,0.0,0.0,2.2004637699272855,Q,0,3,Mrs
23,1,male,28.0,0.0,0.0,3.597312260588446,S,1,1,Mr
24,3,female,8.0,1.3862943611198906,0.6931471805599453,3.0944457464900235,S,0,3,Mrs
25,3,female,38.0,0.6931471805599453,1.791759469228055,3.4777725458882283,S,0,3,Mrs
26,3,male,26.0,0.0,0.0,2.1071782966514356,C,0,2,Mr
27,1,male,19.0,1.3862943611198906,1.0986122886681098,5.575949103146316,S,1,1,Mr
28,3,female,22.0,0.0,0.0,2.1837114628556327,Q,0,3,Mrs
29,3,male,26.0,0.0,0.0,2.1855792552411137,S,0,3,Mr
30,1,male,40.0,0.0,0.0,3.357621598945279,C,0,P,Other
31,1,female,38.0,0.6931471805599453,0.0,4.993969182787072,C,1,P,Mrs
32,3,female,22.0,0.0,0.0,2.169053700369523,Q,0,3,Mrs
33,2,male,66.0,0.0,0.0,2.4423470353692043,S,0,C,Mr
34,1,male,28.0,0.6931471805599453,0.0,4.420896324687287,C,0,P,Mr
35,1,male,42.0,0.6931471805599453,0.0,3.970291913552122,S,0,1,Mr
36,3,male,26.0,0.0,0.0,2.1076888046179385,C,0,2,Mr
37,3,male,21.0,0.0,0.0,2.2027647577118348,S,0,new1,Mr
38,3,female,18.0,1.0986122886681098,0.0,2.9444389791664403,S,0,3,Mrs
39,3,female,14.0,0.6931471805599453,0.0,2.5048481563289,C,0,2,Mrs
40,3,female,40.0,0.6931471805599453,0.0,2.348991465808201,S,0,new1,Mrs
41,2,female,27.0,0.6931471805599453,0.0,3.091042453358316,S,0,1,Mrs
42,3,male,26.0,0.0,0.0,2.1855792552411137,C,0,3,Mr
43,2,female,3.0,0.6931471805599453,1.0986122886681098,3.7513658711253766,C,0,S,Mrs
44,3,female,19.0,0.0,0.0,2.1837114628556327,Q,0,3,Mrs
45,3,male,26.0,0.0,0.0,2.2027647577118348,S,0,S,Mr
46,3,male,30.0,0.6931471805599453,0.0,2.803360380906535,Q,0,3,Mr
47,3,female,22.0,0.0,0.0,2.169053700369523,Q,0,1,Mrs
48,3,male,26.0,1.0986122886681098,0.0,3.1214482048688246,C,0,2,Mr
49,3,female,18.0,0.6931471805599453,0.0,2.9338568698359038,S,0,3,Mrs
50,3,male,7.0,1.6094379124341003,0.6931471805599453,3.705920919968788,S,0,3,Master
51,3,male,21.0,0.0,0.0,2.174751721484161,S,0,new1,Mr
52,1,female,49.0,0.6931471805599453,0.0,4.353230991152628,C,1,P,Mrs
53,2,female,29.0,0.6931471805599453,0.0,3.295836866004329,S,0,2,Mrs
54,1,male,65.0,0.0,0.6931471805599453,4.142804513146981,C,1,1,Mr
55,1,male,42.0,0.0,0.0,3.597312260588446,S,1,1,Mr
56,2,female,21.0,0.0,0.0,2.4423470353692043,S,0,C,Mrs
57,3,male,28.5,0.0,0.0,2.1076888046179385,C,0,2,Mr
58,2,female,5.0,0.6931471805599453,1.0986122886681098,3.3586377672433594,S,0,C,Mrs
59,3,male,11.0,1.791759469228055,1.0986122886681098,3.8691155044168695,S,0,C,Master
60,3,male,22.0,0.0,0.0,2.1076888046179385,C,0,2,Mr
61,1,female,38.0,0.0,0.0,4.394449154672439,S,1,1,Mrs
62,1,male,45.0,0.6931471805599453,0.0,4.436455632600354,S,1,3,Mr
63,3,male,4.0,1.3862943611198906,1.0986122886681098,3.3638415951183864,S,0,3,Master
64,1,male,35.0,0.0,0.0,3.357621598945279,C,0,P,Mr
65,3,male,6.5,0.6931471805599453,0.6931471805599453,2.7878344138303452,C,0,2,Master
66,2,female,29.0,0.0,0.0,2.4423470353692043,S,1,C,Mrs
67,3,male,19.0,0.0,0.0,2.2146605719425225,S,0,S,Mr
68,3,female,17.0,1.6094379124341003,1.0986122886681098,2.188856327665703,S,0,3,Mrs
69,3,male,26.0,1.0986122886681098,0.0,2.2682524139135403,S,0,3,Mr
70,2,male,32.0,0.0,0.0,2.4423470353692043,S,0,C,Mr
71,3,female,16.0,1.791759469228055,1.0986122886681098,3.8691155044168695,S,0,C,Mrs
72,2,male,21.0,0.0,0.0,4.310799125385514,S,0,S,Mr
73,3,male,26.0,0.6931471805599453,0.0,2.737880811060884,C,0,2,Mr
74,3,male,32.0,0.0,0.0,4.05171190165724,S,0,1,Mr
75,3,male,25.0,0.0,0.0,2.157559320943788,S,1,3,Mr
76,3,male,26.0,0.0,0.0,2.1855792552411137,S,0,3,Mr
77,3,male,26.0,0.0,0.0,2.2027647577118348,S,0,3,Mr
78,2,male,0.83,0.0,1.0986122886681098,3.4011973816621555,S,0,2,Master
79,3,female,30.0,0.0,0.0,2.600836116795061,S,0,3,Mrs
80,3,male,22.0,0.0,0.0,2.302585092994046,S,0,3,Mr
81,3,male,29.0,0.0,0.0,2.3513752571634776,S,0,3,Mr
82,3,female,22.0,0.0,0.0,2.1733302571367834,Q,0,3,Mrs
83,1,male,28.0,0.0,0.0,3.8732821771117156,S,0,1,Mr
84,2,female,17.0,0.0,0.0,2.4423470353692043,S,0,S,Mrs
85,3,female,33.0,1.3862943611198906,0.0,2.8243506567983707,S,0,3,Mrs
86,3,male,16.0,0.6931471805599453,1.3862943611198906,3.5660053559634015,S,0,new1,Mr
87,3,male,26.0,0.0,0.0,2.2027647577118348,S,0,S,Mr
88,1,female,23.0,1.3862943611198906,1.0986122886681098,5.575949103146316,S,1,1,Mrs
89,3,male,24.0,0.0,0.0,2.2027647577118348,S,0,3,Mr
90,3,male,29.0,0.0,0.0,2.2027647577118348,S,0,3,Mr
91,3,male,20.0,0.0,0.0,2.180891922715322,S,0,3,Mr
92,1,male,46.0,0.6931471805599453,0.0,4.1299529896894684,S,1,new1,Mr
93,3,male,26.0,0.6931471805599453,1.0986122886681098,3.0715352369694915,S,0,C,Mr
94,3,male,59.0,0.0,0.0,2.1102132003465894,S,0,3,Mr
95,3,male,26.0,0.0,0.0,2.2027647577118348,S,0,3,Mr
96,1,male,71.0,0.0,0.0,3.57386695198272,C,1,P,Mr
97,1,male,23.0,0.0,0.6931471805599453,4.164465907853638,C,1,P,Mr
98,2,female,34.0,0.0,0.6931471805599453,3.1780538303479458,S,0,2,Mrs
99,2,male,34.0,0.6931471805599453,0.0,3.295836866004329,S,0,2,Mr
100,3,female,28.0,0.0,0.0,2.1855792552411137,S,0,3,Mrs
101,3,male,26.0,0.0,0.0,2.1855792552411137,S,0,3,Mr
102,1,male,21.0,0.0,0.6931471805599453,4.360387947851531,S,1,3,Mr
103,3,male,33.0,0.0,0.0,2.267393053825037,S,0,new1,Mr
104,3,male,37.0,1.0986122886681098,0.0,2.188856327665703,S,0,3,Mr
105,3,male,28.0,0.0,0.0,2.1855792552411137,S,0,3,Mr
106,3,female,21.0,0.0,0.0,2.157559320943788,S,0,3,Mrs
107,3,male,26.0,0.0,0.0,2.1719067693519296,S,0,3,Mr
108,3,male,38.0,0.0,0.0,2.1855792552411137,S,0,3,Mr
109,3,female,22.0,0.6931471805599453,0.0,3.224857896545748,Q,0,3,Mrs
110,1,male,47.0,0.0,0.0,3.970291913552122,S,1,1,Mr
111,3,female,14.5,0.6931471805599453,0.0,2.737880811060884,C,0,2,Mrs
112,3,male,22.0,0.0,0.0,2.2027647577118348,S,0,3,Mr
113,3,female,20.0,0.6931471805599453,0.0,2.3818582738885534,S,0,new1,Mrs
114,3,female,17.0,0.0,0.0,2.738146075922933,C,0,2,Mrs
115,3,male,21.0,0.0,0.0,2.188856327665703,S,0,S,Mr
116,3,male,70.5,0.0,0.0,2.169053700369523,Q,0,3,Mr
117,2,male,29.0,0.6931471805599453,0.0,3.091042453358316,S,0,1,Mr
118,1,male,24.0,0.0,0.6931471805599453,5.515526544247129,C,1,P,Mr
119,3,female,2.0,1.6094379124341003,1.0986122886681098,3.4742929367327062,S,0,3,Mrs
120,2,male,21.0,1.0986122886681098,0.0,4.310799125385514,S,0,S,Mr
121,3,male,26.0,0.0,0.0,2.2027647577118348,S,0,new1,Mr
122,2,male,32.5,0.6931471805599453,0.0,3.436268471383741,C,0,2,Mr
123,2,female,32.5,0.0,0.0,2.6390573296152584,S,1,2,Mrs
124,1,male,54.0,0.0,0.6931471805599453,4.360387947851531,S,1,3,Mr
125,3,male,12.0,0.6931471805599453,0.0,2.5048481563289,C,0,2,Master
126,3,male,30.0,0.0,0.0,2.169053700369523,Q,0,3,Mr
127,3,male,24.0,0.0,0.0,2.0969990034181696,S,0,C,Mr
128,3,female,15.0,0.6931471805599453,0.6931471805599453,3.1509523813392697,C,1,2,Mrs
129,3,male,45.0,0.0,0.0,2.076311648670908,S,0,3,Mr
130,3,male,33.0,0.0,0.0,2.1855792552411137,C,0,3,Mr
131,3,male,20.0,0.0,0.0,2.0856720914304723,S,0,S,Mr
132,3,female,47.0,0.6931471805599453,0.0,2.740840023925201,S,0,new1,Mrs
133,2,female,29.0,0.6931471805599453,0.0,3.295836866004329,S,0,2,Mrs
134,2,male,25.0,0.0,0.0,2.6390573296152584,S,0,C,Mr
135,2,male,23.0,0.0,0.0,2.775447133088262,C,0,S,Mr
136,1,female,19.0,0.0,1.0986122886681098,3.3062747934011893,S,1,1,Mrs
137,1,male,37.0,0.6931471805599453,0.0,3.9908341858524357,S,1,1,Mr
138,3,male,16.0,0.0,0.0,2.3240236363515288,S,0,new1,Mr
139,1,male,24.0,0.0,0.0,4.384523514872469,C,1,P,Mr
140,3,female,15.0,0.0,1.0986122886681098,2.7878344138303452,C,0,2,Mrs
141,3,female,22.0,0.0,0.0,2.169053700369523,S,0,3,Mrs
142,3,female,24.0,0.6931471805599453,0.0,2.8243506567983707,S,0,S,Mrs
143,3,male,19.0,0.0,0.0,2.0476928433652555,Q,0,3,Mr
144,2,male,18.0,0.0,0.0,2.5257286443082556,S,0,2,Mr
145,2,male,19.0,0.6931471805599453,0.6931471805599453,3.6309854756950335,S,0,C,Mr
146,3,male,27.0,0.0,0.0,2.174274334826008,S,0,3,Mr
147,3,female,9.0,1.0986122886681098,1.0986122886681098,3.5660053559634015,S,0,new1,Mrs
148,2,male,36.5,0.0,1.0986122886681098,3.295836866004329,S,1,2,Mr
149,2,male,42.0,0.0,0.0,2.6390573296152584,S,0,2,Other
150,2,male,51.0,0.0,0.0,2.6045398247325453,S,0,S,Other
151,1,female,22.0,0.6931471805599453,0.0,4.213607983048918,S,1,1,Mrs
152,3,male,55.5,0.0,0.0,2.2027647577118348,S,0,new1,Mr
153,3,male,40.5,0.0,1.0986122886681098,2.740840023925201,S,0,new1,Mr
154,3,male,26.0,0.0,0.0,2.1177604059819726,S,0,C,Mr
155,1,male,51.0,0.0,0.6931471805599453,4.133231886474144,C,0,P,Mr
156,3,female,16.0,0.0,0.0,2.167143305297764,Q,0,3,Mrs
157,3,male,30.0,0.0,0.0,2.2027647577118348,S,0,S,Mr
158,3,male,26.0,0.0,0.0,2.2682524139135403,S,0,3,Mr
159,3,male,5.0,2.1972245773362196,1.0986122886681098,4.256321678298823,S,0,C,Master
160,3,male,44.0,0.0,0.6931471805599453,2.8390784635086144,S,0,3,Mr
161,2,female,40.0,0.0,0.0,2.8183982582710754,S,0,C,Mrs
162,3,male,26.0,0.0,0.0,2.1719067693519296,S,0,3,Mr
163,3,male,17.0,0.0,0.0,2.2682524139135403,S,0,3,Mr
164,3,male,1.0,1.6094379124341003,0.6931471805599453,3.705920919968788,S,0,3,Master
165,3,male,9.0,0.0,1.0986122886681098,3.0692150503137943,S,0,3,Master
166,1,female,35.0,0.0,0.6931471805599453,4.02535169073515,S,1,1,Mrs
167,3,female,45.0,0.6931471805599453,1.6094379124341003,3.3638415951183864,S,0,3,Mrs
168,1,male,43.5,0.0,0.0,3.2930552230424524,S,0,P,Mr
169,3,male,28.0,0.0,0.0,4.05171190165724,S,0,1,Mr
170,1,male,61.0,0.0,0.0,3.5409593240373143,S,1,1,Mr
171,3,male,4.0,1.6094379124341003,0.6931471805599453,3.405355391810819,Q,0,3,Master
172,3,female,1.0,0.6931471805599453,0.6931471805599453,2.495953738718064,S,0,3,Mrs
173,3,male,21.0,0.0,0.0,2.188856327665703,S,0,S,Mr
174,1,male,56.0,0.0,0.0,3.4561841799918147,C,1,1,Mr
175,3,male,18.0,0.6931471805599453,0.6931471805599453,2.180891922715322,S,0,3,Mr
176,3,male,5.0,1.3862943611198906,0.6931471805599453,3.275887339030031,S,0,new1,Master
177,1,female,50.0,0.0,0.0,3.391567832686312,C,1,P,Mrs
178,2,male,30.0,0.0,0.0,2.6390573296152584,S,0,2,Mr
179,3,male,36.0,0.0,0.0,0.0,S,0,new1,Mr
180,3,female,22.0,2.1972245773362196,1.0986122886681098,4.256321678298823,S,0,C,Mrs
181,2,male,29.5,0.0,0.0,2.775708849576025,C,0,S,Mr
182,3,male,9.0,1.6094379124341003,1.0986122886681098,3.4777725458882283,S,0,3,Master
183,2,male,1.0,1.0986122886681098,0.6931471805599453,3.6888794541139363,S,1,2,Master
184,3,female,4.0,0.0,1.0986122886681098,3.1365805821413706,S,0,3,Mrs
185,1,male,42.0,0.0,0.0,3.9318256327243257,S,1,1,Mr
186,3,female,22.0,0.6931471805599453,0.0,2.803360380906535,Q,0,3,Mrs
187,1,male,45.0,0.0,0.0,3.3160025355989236,S,0,1,Mr
188,3,male,40.0,0.6931471805599453,0.6931471805599453,2.803360380906535,Q,0,3,Mr
189,3,male,36.0,0.0,0.0,2.1855792552411137,S,0,3,Mr
190,2,female,32.0,0.0,0.0,2.6390573296152584,S,0,2,Mrs
191,2,male,19.0,0.0,0.0,2.6390573296152584,S,0,2,Mr
192,3,female,19.0,0.6931471805599453,0.0,2.180891922715322,S,0,3,Mrs
193,2,male,3.0,0.6931471805599453,0.6931471805599453,3.295836866004329,S,1,2,Master
194,1,female,44.0,0.0,0.0,3.357621598945279,C,1,P,Mrs
195,1,female,58.0,0.0,0.0,4.993969182787072,C,1,P,Mrs
196,3,male,30.0,0.0,0.0,2.169053700369523,Q,0,3,Mr
197,3,male,42.0,0.0,0.6931471805599453,2.2411563979973974,S,0,new1,Mr
198,3,female,22.0,0.0,0.0,2.169053700369523,Q,0,3,Mrs
199,2,female,24.0,0.0,0.0,2.6390573296152584,S,0,2,Mrs
200,3,male,28.0,0.0,0.0,2.3513752571634776,S,0,3,Mr
201,3,male,26.0,2.1972245773362196,1.0986122886681098,4.256321678298823,S,0,C,Mr
202,3,male,34.0,0.0,0.0,2.0143428636837015,S,0,3,Mr
203,3,male,45.5,0.0,0.0,2.1071782966514356,C,0,2,Mr
204,3,male,18.0,0.0,0.0,2.2027647577118348,S,0,new1,Mr
205,3,female,2.0,0.0,0.6931471805599453,2.4390808375825834,S,1,3,Mrs
206,3,male,32.0,0.6931471805599453,0.0,2.8243506567983707,S,0,3,Mr
207,3,male,26.0,0.0,0.0,2.9850504252071306,C,0,2,Mr
208,3,female,16.0,0.0,0.0,2.169053700369523,Q,0,3,Mrs
209,1,male,40.0,0.0,0.0,3.4657359027997265,C,1,1,Mr
210,3,male,24.0,0.0,0.0,2.0856720914304723,S,0,S,Mr
211,2,female,35.0,0.0,0.0,3.091042453358316,S,0,C,Mrs
212,3,male,22.0,0.0,0.0,2.1102132003465894,S,0,new1,Mr
213,2,male,30.0,0.0,0.0,2.6390573296152584,S,0,2,Mr
214,3,male,30.0,0.6931471805599453,0.0,2.169053700369523,Q,0,3,Mr
215,1,female,31.0,0.6931471805599453,0.0,4.738607824217808,C,1,3,Mrs
216,3,female,27.0,0.0,0.0,2.188856327665703,S,0,S,Mrs
217,2,male,42.0,0.6931471805599453,0.0,3.332204510175204,S,0,2,Mr
218,1,female,32.0,0.0,0.0,4.347586575960343,C,1,1,Mrs
219,2,male,30.0,0.0,0.0,2.4423470353692043,S,0,new1,Mr
220,3,male,16.0,0.0,0.0,2.2027647577118348,S,0,S,Mr
221,2,male,27.0,0.0,0.0,2.6390573296152584,S,0,2,Mr
222,3,male,51.0,0.0,0.0,2.2027647577118348,S,0,2,Mr
223,3,male,26.0,0.0,0.0,2.1855792552411137,S,0,3,Mr
224,1,male,38.0,0.6931471805599453,0.0,4.51085950651685,S,1,1,Mr
225,3,male,22.0,0.0,0.0,2.336986519711378,S,0,P,Mr
226,2,male,19.0,0.0,0.0,2.4423470353692043,S,0,S,Mr
227,3,male,20.5,0.0,0.0,2.1102132003465894,S,0,new1,Mr
228,2,male,18.0,0.0,0.0,2.6390573296152584,S,0,2,Mr
229,3,female,22.0,1.3862943611198906,0.6931471805599453,3.275887339030031,S,0,new1,Mrs
230,1,female,35.0,0.6931471805599453,0.0,4.436455632600354,S,1,3,Mrs
231,3,male,29.0,0.0,0.0,2.1719067693519296,S,0,3,Mr
232,2,male,59.0,0.0,0.0,2.6741486494265287,S,0,2,Mr
233,3,female,5.0,1.6094379124341003,1.0986122886681098,3.4777725458882283,S,0,3,Mrs
234,2,male,24.0,0.0,0.0,2.4423470353692043,S,0,C,Mr
235,3,female,22.0,0.0,0.0,2.145931282948669,S,0,new1,Mrs
236,2,male,44.0,0.6931471805599453,0.0,3.295836866004329,S,0,2,Mr
237,2,female,8.0,0.0,1.0986122886681098,3.305053521109253,S,0,C,Mrs
238,2,male,19.0,0.0,0.0,2.4423470353692043,S,0,2,Mr
239,2,male,33.0,0.0,0.0,2.5858825671280026,S,0,S,Mr
240,3,female,15.0,0.6931471805599453,0.0,2.737880811060884,C,0,2,Mrs
241,3,female,22.0,0.6931471805599453,0.0,2.803360380906535,Q,0,3,Mrs
242,2,male,29.0,0.0,0.0,2.4423470353692043,S,0,new1,Mr
243,3,male,22.0,0.0,0.0,2.094945728215801,S,0,S,Mr
244,3,male,30.0,0.0,0.0,2.1071782966514356,C,0,2,Mr
245,1,male,44.0,1.0986122886681098,0.0,4.51085950651685,Q,1,1,Other
246,3,female,25.0,0.0,0.0,2.1719067693519296,S,0,3,Mrs
247,2,female,24.0,0.0,1.0986122886681098,2.740840023925201,S,0,2,Mrs
248,1,male,37.0,0.6931471805599453,0.6931471805599453,3.9806942251907276,S,1,1,Mr
249,2,male,54.0,0.6931471805599453,0.0,3.295836866004329,S,0,2,Other
250,3,male,26.0,0.0,0.0,2.1102132003465894,S,0,3,Mr
251,3,female,29.0,0.6931471805599453,0.6931471805599453,2.4390808375825834,S,1,3,Mrs
252,1,male,62.0,0.0,0.0,3.3160025355989236,S,1,1,Mr
253,3,male,30.0,0.6931471805599453,0.0,2.8390784635086144,S,0,new1,Mr
254,3,female,41.0,0.0,1.0986122886681098,3.0545906305603445,S,0,3,Mrs
255,3,female,29.0,0.0,1.0986122886681098,2.7878344138303452,C,0,2,Mrs
256,1,female,43.5,0.0,0.0,4.384523514872469,C,0,P,Mrs
257,1,female,30.0,0.0,0.0,4.471638793363569,S,1,1,Mrs
258,1,female,35.0,0.0,0.0,5.673323267171493,C,0,P,Mrs
259,2,female,50.0,0.0,0.6931471805599453,3.295836866004329,S,0,2,Mrs
260,3,male,30.0,0.0,0.0,2.169053700369523,Q,0,3,Mr
261,3,male,3.0,1.6094379124341003,1.0986122886681098,3.4777725458882283,S,0,3,Master
262,1,male,52.0,0.6931471805599453,0.6931471805599453,4.390118804571218,S,1,1,Mr
263,1,male,40.0,0.0,0.0,0.0,S,1,1,Mr
264,3,female,22.0,0.0,0.0,2.169053700369523,Q,0,3,Mrs
265,2,male,36.0,0.0,0.0,2.4423470353692043,S,0,C,Mr
266,3,male,16.0,1.6094379124341003,0.6931471805599453,3.705920919968788,S,0,3,Mr
267,3,male,25.0,0.6931471805599453,0.0,2.1719067693519296,S,0,3,Mr
268,1,female,58.0,0.0,0.6931471805599453,5.039951348430309,S,1,P,Mrs
269,1,female,35.0,0.0,0.0,4.91730069488021,S,1,P,Mrs
270,1,male,43.5,0.0,0.0,3.4657359027997265,S,0,1,Mr
271,3,male,25.0,0.0,0.0,0.0,S,0,new1,Mr
272,2,female,41.0,0.0,0.6931471805599453,3.0204248861443626,S,0,2,Mrs
273,1,male,37.0,0.0,0.6931471805599453,3.4242626545931514,C,1,P,Mr
274,3,female,22.0,0.0,0.0,2.169053700369523,Q,0,3,Mrs
275,1,female,63.0,0.6931471805599453,0.0,4.368919865004903,S,1,1,Mrs
276,3,female,45.0,0.0,0.0,2.169053700369523,S,0,3,Mrs
277,2,male,30.0,0.0,0.0,0.0,S,0,2,Mr
278,3,male,7.0,1.6094379124341003,0.6931471805599453,3.405355391810819,Q,0,3,Master
279,3,female,35.0,0.6931471805599453,0.6931471805599453,3.056356895370426,S,0,C,Mrs
280,3,male,65.0,0.0,0.0,2.169053700369523,Q,0,3,Mr
281,3,male,28.0,0.0,0.0,2.180891922715322,S,0,3,Mr
282,3,male,16.0,0.0,0.0,2.3513752571634776,S,0,3,Mr
283,3,male,19.0,0.0,0.0,2.2027647577118348,S,0,new1,Mr
284,1,male,42.0,0.0,0.0,3.295836866004329,S,1,1,Mr
285,3,male,33.0,0.0,0.0,2.2682524139135403,C,0,3,Mr
286,3,male,30.0,0.0,0.0,2.3513752571634776,S,0,3,Mr
287,3,male,22.0,0.0,0.0,2.1855792552411137,S,0,3,Mr
288,2,male,42.0,0.0,0.0,2.6390573296152584,S,0,2,Mr
289,3,female,22.0,0.0,0.0,2.169053700369523,Q,0,3,Mrs
290,1,female,26.0,0.0,0.0,4.380149874661021,S,0,1,Mrs
291,1,female,19.0,0.6931471805599453,0.0,4.5226490762785785,C,1,1,Mrs
292,2,male,36.0,0.0,0.0,2.630088659632498,C,1,S,Mr
293,3,female,24.0,0.0,0.0,2.2874714551839976,S,0,3,Mrs
294,3,male,24.0,0.0,0.0,2.1855792552411137,S,0,3,Mr
295,1,male,35.0,0.0,0.0,3.357621598945279,C,0,P,Mr
296,3,male,23.5,0.0,0.0,2.1076888046179385,C,0,2,Mr
297,1,female,2.0,0.6931471805599453,1.0986122886681098,5.027492411162679,S,1,1,Mrs
298,1,male,42.0,0.0,0.0,3.449987545831587,S,1,1,Mr
299,1,female,50.0,0.0,0.6931471805599453,5.515526544247129,C,1,P,Mrs
300,3,female,22.0,0.0,0.0,2.169053700369523,Q,0,new1,Mrs
301,3,male,30.0,1.0986122886681098,0.0,3.188416617383492,Q,0,3,Mr
302,3,male,19.0,0.0,0.0,0.0,S,0,new1,Mr
303,2,female,30.0,0.0,0.0,2.5915163848462583,Q,1,2,Mrs
304,3,male,26.0,0.0,0.0,2.2027647577118348,S,0,new1,Mr
305,1,male,0.92,0.6931471805599453,1.0986122886681098,5.027492411162679,S,1,1,Master
306,1,female,43.5,0.0,0.0,4.717456363787216,C,0,1,Mrs
307,1,female,17.0,0.6931471805599453,0.0,4.699570861409576,C,1,P,Mrs
308,2,male,30.0,0.6931471805599453,0.0,3.2188758248682006,C,0,P,Mr
309,1,female,30.0,0.0,0.0,4.0592215752427645,C,1,P,Mrs
310,1,female,24.0,0.0,0.0,4.432699549165613,C,1,1,Mrs
311,1,female,18.0,1.0986122886681098,1.0986122886681098,5.5735788721243535,C,1,P,Mrs
312,2,female,26.0,0.6931471805599453,0.6931471805599453,3.295836866004329,S,0,2,Mrs
313,3,male,28.0,0.0,0.0,2.1855792552411137,S,0,3,Mr
314,2,male,43.0,0.6931471805599453,0.6931471805599453,3.305053521109253,S,0,C,Mr
315,3,female,26.0,0.0,0.0,2.180891922715322,S,0,3,Mrs
316,2,female,24.0,0.6931471805599453,0.0,3.295836866004329,S,0,2,Mrs
317,2,male,54.0,0.0,0.0,2.70805020110221,S,0,2,Other
318,1,female,31.0,0.0,1.0986122886681098,5.11118445372147,S,1,3,Mrs
319,1,female,40.0,0.6931471805599453,0.6931471805599453,4.908971640319756,C,1,1,Mrs
320,3,male,22.0,0.0,0.0,2.1102132003465894,S,0,new1,Mr
321,3,male,27.0,0.0,0.0,2.1855792552411137,S,0,3,Mr
322,2,female,30.0,0.0,0.0,2.5915163848462583,Q,0,2,Mrs
323,2,female,22.0,0.6931471805599453,0.6931471805599453,3.4011973816621555,S,0,2,Mrs
324,3,male,26.0,2.1972245773362196,1.0986122886681098,4.256321678298823,S,0,C,Mr
325,1,female,36.0,0.0,0.0,4.91730069488021,C,1,P,Mrs
326,3,male,61.0,0.0,0.0,1.9792758428991135,S,0,3,Mr
327,2,female,36.0,0.0,0.0,2.6390573296152584,S,1,2,Mrs
328,3,female,31.0,0.6931471805599453,0.6931471805599453,3.0692150503137943,S,0,3,Mrs
329,1,female,16.0,0.0,0.6931471805599453,4.077184839375167,C,1,1,Mrs
330,3,female,22.0,1.0986122886681098,0.0,3.188416617383492,Q,0,3,Mrs
331,1,male,45.5,0.0,0.0,3.3843902633457743,S,1,1,Mr
332,1,male,38.0,0.0,0.6931471805599453,5.039951348430309,S,1,P,Mr
333,3,male,16.0,1.0986122886681098,0.0,2.9444389791664403,S,0,3,Mr
334,1,female,33.0,0.6931471805599453,0.0,4.902678819257608,S,0,P,Mrs
335,3,male,26.0,0.0,0.0,2.1855792552411137,S,0,3,Mr
336,1,male,29.0,0.6931471805599453,0.0,4.213607983048918,S,1,1,Mr
337,1,female,41.0,0.0,0.0,4.908971640319756,C,1,1,Mrs
338,3,male,45.0,0.0,0.0,2.2027647577118348,S,0,new1,Mr
339,1,male,45.0,0.0,0.0,3.597312260588446,S,1,1,Mr
340,2,male,2.0,0.6931471805599453,0.6931471805599453,3.295836866004329,S,1,2,Master
341,1,female,24.0,1.3862943611198906,1.0986122886681098,5.575949103146316,S,1,1,Mrs
342,2,male,28.0,0.0,0.0,2.6390573296152584,S,0,2,Mr
343,2,male,25.0,0.0,0.0,2.6390573296152584,S,0,2,Mr
344,2,male,36.0,0.0,0.0,2.6390573296152584,S,0,2,Mr
345,2,female,24.0,0.0,0.0,2.6390573296152584,S,1,2,Mrs
346,2,female,40.0,0.0,0.0,2.6390573296152584,S,0,3,Mrs
347,3,female,22.0,0.6931471805599453,0.0,2.8390784635086144,S,0,3,Mrs
348,3,male,3.0,0.6931471805599453,0.6931471805599453,2.8273136219290276,S,0,C,Master
349,3,male,42.0,0.0,0.0,2.2682524139135403,S,0,3,Mr
350,3,male,23.0,0.0,0.0,2.3248357019288655,S,0,new1,Mr
351,1,male,42.0,0.0,0.0,3.58351893845611,S,1,1,Mr
352,3,male,15.0,0.6931471805599453,0.6931471805599453,2.1076888046179385,C,0,2,Mr
353,3,male,25.0,0.6931471805599453,0.0,2.9338568698359038,S,0,3,Mr
354,3,male,26.0,0.0,0.0,2.1071782966514356,C,0,2,Mr
355,3,male,28.0,0.0,0.0,2.3513752571634776,S,0,3,Mr
356,1,female,22.0,0.0,0.6931471805599453,4.02535169073515,S,1,1,Mrs
357,2,female,38.0,0.0,0.0,2.6390573296152584,S,0,2,Mrs
358,3,female,22.0,0.0,0.0,2.1837114628556327,Q,0,3,Mrs
359,3,female,22.0,0.0,0.0,2.1837114628556327,Q,0,3,Mrs
360,3,male,40.0,0.6931471805599453,1.6094379124341003,3.3638415951183864,S,0,3,Mr
361,2,male,29.0,0.6931471805599453,0.0,3.357621598945279,C,0,S,Mr
362,3,female,45.0,0.0,0.6931471805599453,2.737880811060884,C,0,2,Mrs
363,3,male,35.0,0.0,0.0,2.0856720914304723,S,0,S,Mr
364,3,male,30.0,0.6931471805599453,0.0,2.803360380906535,Q,0,3,Mr
365,3,male,30.0,0.0,0.0,2.1102132003465894,S,0,C,Mr
366,1,female,60.0,0.6931471805599453,0.0,4.334017415487521,C,1,1,Mrs
367,3,female,15.0,0.0,0.0,2.1076888046179385,C,0,2,Mrs
368,3,female,22.0,0.0,0.0,2.169053700369523,Q,0,1,Mrs
369,1,female,24.0,0.0,0.0,4.252771798816619,C,1,P,Other
370,1,male,25.0,0.6931471805599453,0.0,4.0332082470129285,C,1,1,Mr
371,3,male,18.0,0.6931471805599453,0.0,2.0143428636837015,S,0,3,Mr
372,3,male,19.0,0.0,0.0,2.2027647577118348,S,0,3,Mr
373,1,male,22.0,0.0,0.0,4.91730069488021,C,0,P,Mr
374,3,female,3.0,1.3862943611198906,0.6931471805599453,3.0944457464900235,S,0,3,Mrs
375,1,female,43.5,0.6931471805599453,0.0,4.420896324687287,C,0,P,Mrs
376,3,female,22.0,0.0,0.0,2.1102132003465894,S,0,C,Mrs
377,1,male,27.0,0.0,1.0986122886681098,5.358941988364472,C,1,1,Mr
378,3,male,20.0,0.0,0.0,1.6119347926326877,C,0,2,Mr
379,3,male,19.0,0.0,0.0,2.1719067693519296,S,0,3,Mr
380,1,female,42.0,0.0,0.0,5.4316456135398825,C,0,P,Mrs
381,3,female,1.0,0.0,1.0986122886681098,2.817902613071225,C,0,2,Mrs
382,3,male,32.0,0.0,0.0,2.188856327665703,S,0,S,Mr
383,1,female,35.0,0.6931471805599453,0.0,3.970291913552122,S,0,1,Mrs
384,3,male,26.0,0.0,0.0,2.1855792552411137,S,0,3,Mr
385,2,male,18.0,0.0,0.0,4.310799125385514,S,0,S,Mr
386,3,male,1.0,1.791759469228055,1.0986122886681098,3.8691155044168695,S,0,C,Master
387,2,female,36.0,0.0,0.0,2.6390573296152584,S,0,2,Mrs
388,3,male,30.0,0.0,0.0,2.1666737276227077,Q,0,3,Mr
389,2,female,17.0,0.0,0.0,2.5649493574615367,C,0,S,Mrs
390,1,male,36.0,0.6931471805599453,1.0986122886681098,4.795790545596741,S,1,1,Mr
391,3,male,21.0,0.0,0.0,2.174274334826008,S,0,3,Mr
392,3,male,28.0,1.0986122886681098,0.0,2.188856327665703,S,0,3,Mr
393,1,female,23.0,0.6931471805599453,0.0,4.738607824217808,C,1,3,Mrs
394,3,female,24.0,0.0,1.0986122886681098,2.8735646395797834,S,1,P,Mrs
395,3,male,22.0,0.0,0.0,2.174274334826008,S,0,3,Mr
396,3,female,31.0,0.0,0.0,2.180891922715322,S,0,3,Mrs
397,2,male,46.0,0.0,0.0,3.295836866004329,S,0,2,Mr
398,2,male,23.0,0.0,0.0,2.4423470353692043,S,0,2,Other
399,2,female,28.0,0.0,0.0,2.613739521630969,S,0,2,Mrs
400,3,male,39.0,0.0,0.0,2.188856327665703,S,0,S,Mr
401,3,male,26.0,0.0,0.0,2.2027647577118348,S,0,3,Mr
402,3,female,21.0,0.6931471805599453,0.0,2.3818582738885534,S,0,new1,Mrs
403,3,male,28.0,0.6931471805599453,0.0,2.8243506567983707,S,0,S,Mr
404,3,female,20.0,0.0,0.0,2.2682524139135403,S,0,3,Mrs
405,2,male,34.0,0.6931471805599453,0.0,3.091042453358316,S,0,2,Mr
406,3,male,51.0,0.0,0.0,2.169053700369523,S,0,3,Mr
407,2,male,3.0,0.6931471805599453,0.6931471805599453,2.9831534913471307,S,0,2,Master
408,3,male,21.0,0.0,0.0,2.1719067693519296,S,0,3,Mr
409,3,female,22.0,1.3862943611198906,0.6931471805599453,3.275887339030031,S,0,new1,Mrs
410,3,male,26.0,0.0,0.0,2.1855792552411137,S,0,3,Mr
411,3,male,30.0,0.0,0.0,2.061570298060867,Q,0,3,Mr
412,1,female,33.0,0.6931471805599453,0.0,4.51085950651685,Q,1,1,Mrs
413,2,male,30.0,0.0,0.0,0.0,S,0,2,Mr
414,3,male,44.0,0.0,0.0,2.188856327665703,S,0,S,Mr
415,3,female,22.0,0.0,0.0,2.2027647577118348,S,0,3,Mrs
416,2,female,34.0,0.6931471805599453,0.6931471805599453,3.5115454388310208,S,0,2,Mrs
417,2,female,18.0,0.0,1.0986122886681098,2.6390573296152584,S,0,2,Mrs
418,2,male,30.0,0.0,0.0,2.6390573296152584,S,0,2,Mr
419,3,female,10.0,0.0,1.0986122886681098,3.224857896545748,S,0,3,Mrs
420,3,male,26.0,0.0,0.0,2.1855792552411137,C,0,3,Mr
421,3,male,21.0,0.0,0.0,2.167143305297764,Q,0,new1,Mr
422,3,male,29.0,0.0,0.0,2.1832383353614797,S,0,3,Mr
423,3,female,28.0,0.6931471805599453,0.6931471805599453,2.7343675094195836,S,0,3,Mrs
424,3,male,18.0,0.6931471805599453,0.6931471805599453,3.0545906305603445,S,0,3,Mr
425,3,male,26.0,0.0,0.0,2.1102132003465894,S,0,new1,Mr
426,2,female,28.0,0.6931471805599453,0.0,3.295836866004329,S,0,2,Mrs
427,2,female,19.0,0.0,0.0,3.295836866004329,S,0,2,Mrs
428,3,male,30.0,0.0,0.0,2.169053700369523,Q,0,3,Mr
429,3,male,32.0,0.0,0.0,2.2027647577118348,S,1,S,Mr
430,1,male,28.0,0.0,0.0,3.3160025355989236,S,1,1,Mr
431,3,female,22.0,0.6931471805599453,0.0,2.8390784635086144,S,0,3,Mrs
432,2,female,42.0,0.6931471805599453,0.0,3.295836866004329,S,0,S,Mrs
433,3,male,17.0,0.0,0.0,2.094945728215801,S,0,S,Mr
434,1,male,50.0,0.6931471805599453,0.0,4.041295341132285,S,1,1,Mr
435,1,female,14.0,0.6931471805599453,1.0986122886681098,4.795790545596741,S,1,1,Mrs
436,3,female,21.0,1.0986122886681098,1.0986122886681098,3.5660053559634015,S,0,new1,Mrs
437,2,female,24.0,1.0986122886681098,1.3862943611198906,2.9831534913471307,S,0,2,Mrs
438,1,male,64.0,0.6931471805599453,1.6094379124341003,5.575949103146316,S,1,1,Mr
439,2,male,31.0,0.0,0.0,2.4423470353692043,S,0,C,Mr
440,2,female,45.0,0.6931471805599453,0.6931471805599453,3.305053521109253,S,0,C,Mrs
441,3,male,20.0,0.0,0.0,2.3513752571634776,S,0,3,Mr
442,3,male,25.0,0.6931471805599453,0.0,2.1719067693519296,S,0,3,Mr
443,2,female,28.0,0.0,0.0,2.6390573296152584,S,0,2,Other
444,3,male,26.0,0.0,0.0,2.2096470973347766,S,0,new1,Mr
445,1,male,4.0,0.0,1.0986122886681098,4.417131919904876,S,1,3,Master
446,2,female,13.0,0.0,0.6931471805599453,3.0204248861443626,S,0,2,Mrs
447,1,male,34.0,0.0,0.0,3.3160025355989236,S,0,1,Mr
448,3,female,5.0,1.0986122886681098,0.6931471805599453,3.0085645861193133,C,0,2,Mrs
449,1,male,52.0,0.0,0.0,3.449987545831587,S,1,1,Other
450,2,male,36.0,0.6931471805599453,1.0986122886681098,3.3586377672433594,S,0,C,Mr
451,3,male,26.0,0.6931471805599453,0.0,3.0429354648621407,S,0,new1,Mr
452,1,male,30.0,0.0,0.0,3.3586377672433594,C,1,1,Mr
453,1,male,49.0,0.6931471805599453,0.0,4.500966778400217,C,1,1,Mr
454,3,male,26.0,0.0,0.0,2.2027647577118348,S,0,new1,Mr
455,3,male,29.0,0.0,0.0,2.1855792552411137,C,0,3,Mr
456,1,male,65.0,0.0,0.0,3.3160025355989236,S,1,1,Mr
457,1,female,35.0,0.6931471805599453,0.0,3.967694202798607,S,1,1,Mrs
458,2,female,50.0,0.0,0.0,2.4423470353692043,S,0,C,Mrs
459,3,male,30.0,0.0,0.0,2.169053700369523,Q,0,3,Mr
460,1,male,48.0,0.0,0.0,3.3160025355989236,S,1,1,Mr
461,3,male,34.0,0.0,0.0,2.2027647577118348,S,0,3,Mr
462,1,male,47.0,0.0,0.0,3.676300671907076,S,1,1,Mr
463,2,male,48.0,0.0,0.0,2.6390573296152584,S,0,2,Mr
464,3,male,26.0,0.0,0.0,2.2027647577118348,S,0,new1,Mr
465,3,male,38.0,0.0,0.0,2.0856720914304723,S,0,S,Mr
466,2,male,30.0,0.0,0.0,0.0,S,0,2,Mr
467,1,male,56.0,0.0,0.0,3.3160025355989236,S,0,1,Mr
468,3,male,30.0,0.0,0.0,2.1661924680884908,Q,0,3,Mr
469,3,female,0.75,1.0986122886681098,0.6931471805599453,3.0085645861193133,C,0,2,Mrs
470,3,male,26.0,0.0,0.0,2.1102132003465894,S,0,3,Mr
471,3,male,38.0,0.0,0.0,2.2682524139135403,S,0,3,Mr
472,2,female,33.0,0.6931471805599453,1.0986122886681098,3.3586377672433594,S,0,C,Mrs
473,2,female,23.0,0.0,0.0,2.694066212646058,C,1,S,Mrs
474,3,female,22.0,0.0,0.0,2.3830123421066602,S,0,new1,Mrs
475,1,male,42.0,0.0,0.0,3.970291913552122,S,1,1,Mr
476,2,male,34.0,0.6931471805599453,0.0,3.091042453358316,S,0,3,Mr
477,3,male,29.0,0.6931471805599453,0.0,2.0851502161468174,S,0,3,Mr
478,3,male,22.0,0.0,0.0,2.142510233146819,S,0,3,Mr
479,3,female,2.0,0.0,0.6931471805599453,2.586823743668066,S,0,3,Mrs
480,3,male,9.0,1.791759469228055,1.0986122886681098,3.8691155044168695,S,0,C,Master
481,2,male,30.0,0.0,0.0,0.0,S,0,2,Mr
482,3,male,50.0,0.0,0.0,2.2027647577118348,S,0,new1,Mr
483,3,female,63.0,0.0,0.0,2.3596740599781727,S,0,new1,Mrs
484,1,male,25.0,0.6931471805599453,0.0,4.5226490762785785,C,1,1,Mr
485,3,female,22.0,1.3862943611198906,0.6931471805599453,3.275887339030031,S,0,new1,Mrs
486,1,female,35.0,0.6931471805599453,0.0,4.51085950651685,S,1,1,Mrs
487,1,male,58.0,0.0,0.0,3.4242626545931514,C,1,1,Mr
488,3,male,30.0,0.0,0.0,2.2027647577118348,S,0,new1,Mr
489,3,male,9.0,0.6931471805599453,0.6931471805599453,2.8273136219290276,S,0,C,Master
490,3,male,26.0,0.6931471805599453,0.0,3.0429354648621407,S,0,new1,Mr
491,3,male,21.0,0.0,0.0,2.1102132003465894,S,0,S,Mr
492,1,male,55.0,0.0,0.0,3.449987545831587,S,1,1,Mr
493,1,male,71.0,0.0,0.0,3.922056501139853,C,0,P,Mr
494,3,male,21.0,0.0,0.0,2.2027647577118348,S,0,new1,Mr
495,3,male,26.0,0.0,0.0,2.738146075922933,C,0,2,Mr
496,1,female,54.0,0.6931471805599453,0.0,4.37281811610993,C,1,3,Mrs
497,3,male,26.0,0.0,0.0,2.7788192719904172,S,0,C,Mr
498,1,female,25.0,0.6931471805599453,1.0986122886681098,5.027492411162679,S,1,1,Mrs
499,3,male,24.0,0.0,0.0,2.174274334826008,S,0,3,Mr
500,3,male,17.0,0.0,0.0,2.2682524139135403,S,0,3,Mr
501,3,female,21.0,0.0,0.0,2.169053700369523,Q,0,3,Mrs
502,3,female,22.0,0.0,0.0,2.155151800914312,Q,0,3,Mrs
503,3,female,37.0,0.0,0.0,2.3596740599781727,S,0,new1,Mrs
504,1,female,16.0,0.0,0.0,4.471638793363569,S,1,1,Mrs
505,1,male,18.0,0.6931471805599453,0.0,4.699570861409576,C,1,P,Mr
506,2,female,33.0,0.0,1.0986122886681098,3.295836866004329,S,0,2,Mrs
507,1,male,43.5,0.0,0.0,3.3160025355989236,S,0,1,Mr
508,3,male,28.0,0.0,0.0,3.1580636854714434,S,0,C,Mr
509,3,male,26.0,0.0,0.0,4.05171190165724,S,0,1,Mr
510,3,male,29.0,0.0,0.0,2.169053700369523,Q,0,3,Mr
511,3,male,26.0,0.0,0.0,2.2027647577118348,S,0,S,Mr
512,1,male,36.0,0.0,0.0,3.3064287218760624,S,1,P,Mr
513,1,female,54.0,0.6931471805599453,0.0,4.100989104940769,C,0,P,Mrs
514,3,male,24.0,0.0,0.0,2.139571923732859,S,0,3,Mr
515,1,male,47.0,0.0,0.0,3.5559421706858756,S,1,3,Mr
516,2,female,34.0,0.0,0.0,2.4423470353692043,S,1,C,Mrs
517,3,male,30.0,0.0,0.0,3.224857896545748,Q,0,3,Mr
518,2,female,36.0,0.6931471805599453,0.0,3.295836866004329,S,0,2,Mrs
519,3,male,32.0,0.0,0.0,2.1855792552411137,S,0,3,Mr
520,1,female,30.0,0.0,0.0,4.548599834499697,S,1,1,Mrs
521,3,male,22.0,0.0,0.0,2.1855792552411137,S,0,3,Mr
522,3,male,26.0,0.0,0.0,2.1071782966514356,C,0,2,Mr
523,1,female,44.0,0.0,0.6931471805599453,4.077184839375167,C,1,1,Mrs
524,3,male,26.0,0.0,0.0,2.1076888046179385,C,0,2,Mr
525,3,male,40.5,0.0,0.0,2.169053700369523,Q,0,3,Mr
526,2,female,50.0,0.0,0.0,2.4423470353692043,S,0,new1,Mrs
527,1,male,42.0,0.0,0.0,5.406181146423973,S,1,P,Mr
528,3,male,39.0,0.0,0.0,2.188856327665703,S,0,3,Mr
529,2,male,23.0,1.0986122886681098,0.6931471805599453,2.5257286443082556,S,0,2,Mr
530,2,female,2.0,0.6931471805599453,0.6931471805599453,3.295836866004329,S,0,2,Mrs
531,3,male,26.0,0.0,0.0,2.1076888046179385,C,0,2,Mr
532,3,male,17.0,0.6931471805599453,0.6931471805599453,2.1076888046179385,C,0,2,Mr
533,3,female,15.0,0.0,1.0986122886681098,3.1509523813392697,C,0,2,Mrs
534,3,female,30.0,0.0,0.0,2.2682524139135403,S,0,3,Mrs
535,2,female,7.0,0.0,1.0986122886681098,3.305053521109253,S,0,C,Mrs
536,1,male,45.0,0.0,0.0,3.3160025355989236,S,1,1,Other
537,1,female,30.0,0.0,0.0,4.676792929661059,C,0,P,Mrs
538,3,male,26.0,0.0,0.0,2.740840023925201,S,0,3,Mr
539,1,female,22.0,0.0,1.0986122886681098,3.9219733362813143,C,1,1,Mrs
540,1,female,36.0,0.0,1.0986122886681098,4.276666119016055,S,1,new1,Mrs
541,3,female,9.0,1.6094379124341003,1.0986122886681098,3.4742929367327062,S,0,3,Mrs
542,3,female,11.0,1.6094379124341003,1.0986122886681098,3.4742929367327062,S,0,3,Mrs
543,2,male,32.0,0.6931471805599453,0.0,3.295836866004329,S,0,2,Mr
544,1,male,50.0,0.6931471805599453,0.0,4.676792929661059,C,1,P,Mr
545,1,male,64.0,0.0,0.0,3.295836866004329,S,0,new1,Mr
546,2,female,19.0,0.6931471805599453,0.0,3.295836866004329,S,0,2,Mrs
547,2,male,29.5,0.0,0.0,2.6988412620169004,C,0,S,Mr
548,3,male,33.0,0.6931471805599453,0.6931471805599453,3.0692150503137943,S,0,3,Mr
549,2,male,8.0,0.6931471805599453,0.6931471805599453,3.6309854756950335,S,0,C,Master
550,1,male,17.0,0.0,1.0986122886681098,4.717456363787216,C,1,1,Mr
551,2,male,27.0,0.0,0.0,3.295836866004329,S,0,2,Mr
552,3,male,30.0,0.0,0.0,2.17806441028492,Q,0,3,Mr
553,3,male,22.0,0.0,0.0,2.1071782966514356,C,0,2,Mr
554,3,female,22.0,0.0,0.0,2.1719067693519296,S,0,3,Mrs
555,1,male,62.0,0.0,0.0,3.3160025355989236,S,0,1,Mr
556,1,female,48.0,0.6931471805599453,0.0,3.703768066607687,C,1,1,Other
557,1,male,35.0,0.0,0.0,5.4316456135398825,C,0,P,Mr
558,1,female,39.0,0.6931471805599453,0.6931471805599453,4.390118804571218,S,1,1,Mrs
559,3,female,36.0,0.6931471805599453,0.0,2.91235066461494,S,0,3,Mrs
560,3,male,30.0,0.0,0.0,2.169053700369523,Q,0,3,Mr
561,3,male,40.0,0.0,0.0,2.1855792552411137,S,0,3,Mr
562,2,male,28.0,0.0,0.0,2.6741486494265287,S,0,2,Mr
563,3,male,26.0,0.0,0.0,2.2027647577118348,S,0,S,Mr
564,3,female,22.0,0.0,0.0,2.2027647577118348,S,0,S,Mrs
565,3,male,24.0,1.0986122886681098,0.0,3.224857896545748,S,0,new1,Mr
566,3,male,19.0,0.0,0.0,2.1855792552411137,S,0,3,Mr
567,3,female,29.0,0.0,1.6094379124341003,3.0944457464900235,S,0,3,Mrs
568,3,male,26.0,0.0,0.0,2.1076888046179385,C,0,2,Mr
569,3,male,32.0,0.0,0.0,2.180891922715322,S,0,3,Mr
570,2,male,62.0,0.0,0.0,2.4423470353692043,S,0,S,Mr
571,1,female,53.0,1.0986122886681098,0.0,3.960416900617205,S,1,1,Mrs
572,1,male,36.0,0.0,0.0,3.3100867049215847,S,1,P,Mr
573,3,female,22.0,0.0,0.0,2.169053700369523,Q,0,1,Mrs
574,3,male,16.0,0.0,0.0,2.2027647577118348,S,0,new1,Mr
575,3,male,19.0,0.0,0.0,2.740840023925201,S,0,3,Mr
576,2,female,34.0,0.0,0.0,2.6390573296152584,S,0,2,Mrs
577,1,female,39.0,0.6931471805599453,0.0,4.041295341132285,S,1,1,Mrs
578,3,female,15.0,0.6931471805599453,0.0,2.738146075922933,C,0,2,Mrs
579,3,male,32.0,0.0,0.0,2.188856327665703,S,0,S,Mr
580,2,female,25.0,0.6931471805599453,0.6931471805599453,3.4339872044851463,S,0,2,Mrs
581,1,female,39.0,0.6931471805599453,0.6931471805599453,4.717456363787216,C,1,1,Mrs
582,2,male,54.0,0.0,0.0,3.295836866004329,S,0,2,Mr
583,1,male,36.0,0.0,0.0,3.716616209085536,C,1,1,Mr
584,3,male,26.0,0.0,0.0,2.2734137156937657,C,0,3,Mr
585,1,female,18.0,0.0,1.0986122886681098,4.390118804571218,S,1,1,Mrs
586,2,male,47.0,0.0,0.0,2.772588722239781,S,0,2,Mr
587,1,male,60.0,0.6931471805599453,0.6931471805599453,4.384523514872469,C,1,1,Mr
588,3,male,22.0,0.0,0.0,2.2027647577118348,S,0,1,Mr
589,3,male,26.0,0.0,0.0,2.2027647577118348,S,0,new1,Mr
590,3,male,35.0,0.0,0.0,2.094945728215801,S,0,S,Mr
591,1,female,52.0,0.6931471805599453,0.0,4.37281811610993,C,1,3,Mrs
592,3,male,47.0,0.0,0.0,2.1102132003465894,S,0,new1,Mr
593,3,female,22.0,0.0,1.0986122886681098,2.169053700369523,Q,0,3,Mrs
594,2,male,37.0,0.6931471805599453,0.0,3.295836866004329,S,0,S,Mr
595,3,male,36.0,0.6931471805599453,0.6931471805599453,3.224857896545748,S,0,3,Mr
596,2,female,28.0,0.0,0.0,3.5263605246161616,S,0,2,Mrs
597,3,male,49.0,0.0,0.0,0.0,S,0,new1,Mr
598,3,male,26.0,0.0,0.0,2.1071782966514356,C,0,2,Mr
599,1,male,49.0,0.6931471805599453,0.0,4.0592215752427645,C,1,P,Other
600,2,female,24.0,1.0986122886681098,0.6931471805599453,3.332204510175204,S,0,2,Mrs
601,3,male,26.0,0.0,0.0,2.1855792552411137,S,0,3,Mr
602,1,male,43.5,0.0,0.0,3.770459441106359,S,0,1,Mr
603,3,male,44.0,0.0,0.0,2.2027647577118348,S,0,3,Mr
604,1,male,35.0,0.0,0.0,3.3160025355989236,C,0,1,Mr
605,3,male,36.0,0.6931471805599453,0.0,2.806386101823072,S,0,3,Mr
606,3,male,30.0,0.0,0.0,2.1855792552411137,S,0,3,Mr
607,1,male,27.0,0.0,0.0,3.449987545831587,S,0,1,Mr
608,2,female,22.0,0.6931471805599453,1.0986122886681098,3.7513658711253766,C,0,S,Mrs
609,1,female,40.0,0.0,0.0,5.039951348430309,S,1,P,Mrs
610,3,female,39.0,0.6931471805599453,1.791759469228055,3.4742929367327062,S,0,3,Mrs
611,3,male,26.0,0.0,0.0,2.0856720914304723,S,0,S,Mr
612,3,female,22.0,0.6931471805599453,0.0,2.803360380906535,Q,0,3,Mrs
613,3,male,30.0,0.0,0.0,2.169053700369523,Q,0,3,Mr
614,3,male,35.0,0.0,0.0,2.2027647577118348,S,0,3,Mr
615,2,female,24.0,0.6931471805599453,1.0986122886681098,4.189654742026425,S,0,2,Mrs
616,3,male,34.0,0.6931471805599453,0.6931471805599453,2.7343675094195836,S,0,3,Mr
617,3,female,26.0,0.6931471805599453,0.0,2.8390784635086144,S,0,new1,Mrs
618,2,female,4.0,1.0986122886681098,0.6931471805599453,3.6888794541139363,S,1,2,Mrs
619,2,male,26.0,0.0,0.0,2.4423470353692043,S,0,3,Mr
620,3,male,27.0,0.6931471805599453,0.0,2.737880811060884,C,0,2,Mr
621,1,male,42.0,0.6931471805599453,0.0,3.9806942251907276,S,1,1,Mr
622,3,male,20.0,0.6931471805599453,0.6931471805599453,2.817902613071225,C,0,2,Mr
623,3,male,21.0,0.0,0.0,2.180891922715322,S,0,3,Mr
624,3,male,21.0,0.0,0.0,2.8390784635086144,S,0,new1,Mr
625,1,male,61.0,0.0,0.0,3.5061818266142577,S,1,3,Mr
626,2,male,57.0,0.0,0.0,2.5915163848462583,Q,0,2,Other
627,1,female,21.0,0.0,0.0,4.368919865004903,S,1,1,Mrs
628,3,male,26.0,0.0,0.0,2.1855792552411137,S,0,3,Mr
629,3,male,30.0,0.0,0.0,2.167143305297764,Q,0,3,Mr
630,1,male,80.0,0.0,0.0,3.4339872044851463,S,1,2,Mr
631,3,male,51.0,0.0,0.0,2.086193694502369,S,0,3,Mr
632,1,male,32.0,0.0,0.0,3.449987545831587,C,1,1,Other
633,1,male,43.5,0.0,0.0,0.0,S,0,1,Mr
634,3,female,9.0,1.3862943611198906,1.0986122886681098,3.3638415951183864,S,0,3,Mrs
635,2,female,28.0,0.0,0.0,2.6390573296152584,S,0,2,Mrs
636,3,male,32.0,0.0,0.0,2.188856327665703,S,0,S,Mr
637,2,male,31.0,0.6931471805599453,0.6931471805599453,3.305053521109253,S,0,C,Mr
638,3,female,41.0,0.0,1.791759469228055,3.705920919968788,S,0,3,Mrs
639,3,male,26.0,0.6931471805599453,0.0,2.8390784635086144,S,0,3,Mr
640,3,male,20.0,0.0,0.0,2.180891922715322,S,0,3,Mr
641,1,female,24.0,0.0,0.0,4.252771798816619,C,1,P,Other
642,3,female,2.0,1.3862943611198906,1.0986122886681098,3.3638415951183864,S,0,3,Mrs
643,3,male,26.0,0.0,0.0,4.05171190165724,S,0,1,Mr
644,3,female,0.75,1.0986122886681098,0.6931471805599453,3.0085645861193133,C,0,2,Mrs
645,1,male,48.0,0.6931471805599453,0.0,4.353230991152628,C,1,P,Mr
646,3,male,19.0,0.0,0.0,2.1855792552411137,S,0,3,Mr
647,1,male,56.0,0.0,0.0,3.597312260588446,C,1,1,Other
648,3,male,26.0,0.0,0.0,2.145931282948669,S,0,S,Mr
649,3,female,23.0,0.0,0.0,2.145931282948669,S,0,C,Mrs
650,3,male,26.0,0.0,0.0,2.1855792552411137,S,0,3,Mr
651,2,female,18.0,0.0,0.6931471805599453,3.1780538303479458,S,0,2,Mrs
652,3,male,21.0,0.0,0.0,2.2442459824059346,S,0,new1,Mr
653,3,female,22.0,0.0,0.0,2.17806441028492,Q,0,3,Mrs
654,3,female,18.0,0.0,0.0,2.0476928433652555,Q,0,3,Mrs
655,2,male,24.0,1.0986122886681098,0.0,4.310799125385514,S,0,S,Mr
656,3,male,26.0,0.0,0.0,2.1855792552411137,S,0,3,Mr
657,3,female,32.0,0.6931471805599453,0.6931471805599453,2.803360380906535,Q,0,3,Mrs
658,2,male,23.0,0.0,0.0,2.6390573296152584,S,0,2,Mr
659,1,male,58.0,0.0,1.0986122886681098,4.738607824217808,C,1,3,Mr
660,1,male,50.0,1.0986122886681098,0.0,4.902678819257608,S,0,P,Other
661,3,male,40.0,0.0,0.0,2.1071782966514356,C,0,2,Mr
662,1,male,47.0,0.0,0.0,3.2804411805263554,S,1,new1,Mr
663,3,male,36.0,0.0,0.0,2.139571923732859,S,0,3,Mr
664,3,male,20.0,0.6931471805599453,0.0,2.188856327665703,S,0,S,Mr
665,2,male,32.0,1.0986122886681098,0.0,4.310799125385514,S,0,S,Mr
666,2,male,25.0,0.0,0.0,2.6390573296152584,S,0,2,Mr
667,3,male,26.0,0.0,0.0,2.1719067693519296,S,0,3,Mr
668,3,male,43.0,0.0,0.0,2.2027647577118348,S,0,new1,Mr
669,1,female,35.0,0.6931471805599453,0.0,3.970291913552122,S,1,1,Mrs
670,2,female,40.0,0.6931471805599453,0.6931471805599453,3.6888794541139363,S,0,2,Mrs
671,1,male,31.0,0.6931471805599453,0.0,3.970291913552122,S,1,C,Mr
672,2,male,70.0,0.0,0.0,2.4423470353692043,S,0,C,Mr
673,2,male,31.0,0.0,0.0,2.6390573296152584,S,0,2,Mr
674,2,male,30.0,0.0,0.0,0.0,S,0,2,Mr
675,3,male,18.0,0.0,0.0,2.1719067693519296,S,0,3,Mr
676,3,male,24.5,0.0,0.0,2.2027647577118348,S,0,3,Mr
677,3,female,18.0,0.0,0.0,2.3833998102837652,S,0,new1,Mrs
678,3,female,43.0,0.6931471805599453,1.9459101490553132,3.8691155044168695,S,0,C,Mrs
679,1,male,36.0,0.0,0.6931471805599453,5.673323267171493,C,1,P,Mr
680,3,female,22.0,0.0,0.0,2.212386825075897,Q,0,3,Mrs
681,1,male,27.0,0.0,0.0,4.353230991152628,C,1,P,Mr
682,3,male,20.0,0.0,0.0,2.3248357019288655,S,0,new1,Mr
683,3,male,14.0,1.791759469228055,1.0986122886681098,3.8691155044168695,S,0,C,Mr
684,2,male,60.0,0.6931471805599453,0.6931471805599453,3.6888794541139363,S,0,2,Mr
685,2,male,25.0,0.6931471805599453,1.0986122886681098,3.7513658711253766,C,0,S,Mr
686,3,male,14.0,1.6094379124341003,0.6931471805599453,3.705920919968788,S,0,3,Mr
687,3,male,19.0,0.0,0.0,2.4133032309283076,S,0,3,Mr
688,3,male,18.0,0.0,0.0,2.174274334826008,S,0,3,Mr
689,1,female,15.0,0.0,0.6931471805599453,5.35817698994543,S,1,2,Mrs
690,1,male,31.0,0.6931471805599453,0.0,4.060443010546419,S,1,1,Mr
691,3,female,4.0,0.0,0.6931471805599453,2.668387256845834,C,0,3,Mrs
692,3,male,26.0,0.0,0.0,4.05171190165724,S,0,1,Mr
693,3,male,25.0,0.0,0.0,2.1071782966514356,C,0,2,Mr
694,1,male,60.0,0.0,0.0,3.3160025355989236,S,0,1,Other
695,2,male,52.0,0.0,0.0,2.6741486494265287,S,0,2,Mr
696,3,male,44.0,0.0,0.0,2.2027647577118348,S,0,3,Mr
697,3,female,22.0,0.0,0.0,2.167143305297764,Q,0,3,Mrs
698,1,male,49.0,0.6931471805599453,0.6931471805599453,4.717456363787216,C,1,1,Mr
699,3,male,42.0,0.0,0.0,2.157559320943788,S,1,3,Mr
700,1,female,18.0,0.6931471805599453,0.0,5.4316456135398825,C,1,P,Mrs
701,1,male,35.0,0.0,0.0,3.3064287218760624,S,1,P,Mr
702,3,female,18.0,0.0,0.6931471805599453,2.737880811060884,C,0,2,Mrs
703,3,male,25.0,0.0,0.0,2.1681046787623672,Q,0,3,Mr
704,3,male,26.0,0.6931471805599453,0.0,2.180891922715322,S,0,3,Mr
705,2,male,39.0,0.0,0.0,3.295836866004329,S,0,2,Mr
706,2,female,45.0,0.0,0.0,2.6741486494265287,S,0,2,Mrs
707,1,male,42.0,0.0,0.0,3.3064287218760624,S,1,P,Mr
708,1,female,22.0,0.0,0.0,5.027492411162679,S,0,1,Mrs
709,3,male,6.5,0.6931471805599453,0.6931471805599453,2.7878344138303452,C,0,2,Master
710,1,female,24.0,0.0,0.0,3.922056501139853,C,1,P,Other
711,1,male,42.0,0.0,0.0,3.3160025355989236,S,1,1,Mr
712,1,male,48.0,0.6931471805599453,0.0,3.970291913552122,S,1,1,Mr
713,3,male,29.0,0.0,0.0,2.3497835148230464,S,0,new1,Mr
714,2,male,52.0,0.0,0.0,2.6390573296152584,S,0,2,Mr
715,3,male,19.0,0.0,0.0,2.157559320943788,S,1,3,Mr
716,1,female,38.0,0.0,0.0,5.4316456135398825,C,1,P,Mrs
717,2,female,27.0,0.0,0.0,2.4423470353692043,S,1,3,Mrs
718,3,male,30.0,0.0,0.0,2.803360380906535,Q,0,3,Mr
719,3,male,33.0,0.0,0.0,2.1719067693519296,S,0,3,Mr
720,2,female,6.0,0.0,0.6931471805599453,3.5263605246161616,S,0,2,Mrs
721,3,male,17.0,0.6931471805599453,0.0,2.086193694502369,S,0,3,Mr
722,2,male,34.0,0.0,0.0,2.6390573296152584,S,0,1,Mr
723,2,male,50.0,0.0,0.0,2.6390573296152584,S,0,2,Mr
724,1,male,27.0,0.6931471805599453,0.0,3.9908341858524357,S,1,1,Mr
725,3,male,20.0,0.0,0.0,2.2682524139135403,S,0,3,Mr
726,2,female,30.0,1.3862943611198906,0.0,3.091042453358316,S,0,3,Mrs
727,3,female,22.0,0.0,0.0,2.1676241075599285,Q,0,3,Mrs
728,2,male,25.0,0.6931471805599453,0.0,3.295836866004329,S,0,2,Mr
729,3,female,25.0,0.6931471805599453,0.0,2.188856327665703,S,0,S,Mrs
730,1,female,29.0,0.0,0.0,5.35817698994543,S,1,2,Mrs
731,3,male,11.0,0.0,0.0,2.9850504252071306,C,0,2,Mr
732,2,male,30.0,0.0,0.0,0.0,S,0,2,Mr
733,2,male,23.0,0.0,0.0,2.6390573296152584,S,0,2,Mr
734,2,male,23.0,0.0,0.0,2.6390573296152584,S,0,2,Mr
735,3,male,28.5,0.0,0.0,2.8390784635086144,S,0,new1,Mr
736,3,female,48.0,0.6931471805599453,1.3862943611198906,3.5660053559634015,S,0,new1,Mrs
737,1,male,35.0,0.0,0.0,5.673323267171493,C,1,P,Mr
738,3,male,26.0,0.0,0.0,2.1855792552411137,S,0,3,Mr
739,3,male,26.0,0.0,0.0,2.1855792552411137,S,0,3,Mr
740,1,male,42.0,0.0,0.0,3.4339872044851463,S,1,1,Mr
741,1,male,36.0,0.6931471805599453,0.0,4.380149874661021,S,1,1,Mr
742,1,female,21.0,1.0986122886681098,1.0986122886681098,5.5735788721243535,C,1,P,Mrs
743,3,male,24.0,0.6931471805599453,0.0,2.8390784635086144,S,0,3,Mr
744,3,male,31.0,0.0,0.0,2.188856327665703,S,0,S,Mr
745,1,male,70.0,0.6931471805599453,0.6931471805599453,4.276666119016055,S,1,new1,Other
746,3,male,16.0,0.6931471805599453,0.6931471805599453,3.056356895370426,S,0,C,Mr
747,2,female,30.0,0.0,0.0,2.6390573296152584,S,0,2,Mrs
748,1,male,19.0,0.6931471805599453,0.0,3.9908341858524357,S,1,1,Mr
749,3,male,31.0,0.0,0.0,2.169053700369523,Q,0,3,Mr
750,2,female,4.0,0.6931471805599453,0.6931471805599453,3.1780538303479458,S,0,2,Mrs
751,3,male,6.0,0.0,0.6931471805599453,2.600836116795061,S,1,3,Master
752,3,male,33.0,0.0,0.0,2.3513752571634776,S,0,3,Mr
753,3,male,23.0,0.0,0.0,2.1855792552411137,S,0,3,Mr
754,2,female,48.0,0.6931471805599453,1.0986122886681098,4.189654742026425,S,0,2,Mrs
755,2,male,0.67,0.6931471805599453,0.6931471805599453,2.740840023925201,S,0,2,Master
756,3,male,28.0,0.0,0.0,2.174274334826008,S,0,3,Mr
757,2,male,18.0,0.0,0.0,2.5257286443082556,S,0,2,Mr
758,3,male,34.0,0.0,0.0,2.2027647577118348,S,0,3,Mr
759,1,female,33.0,0.0,0.0,4.471638793363569,S,1,1,Other
760,3,male,26.0,0.0,0.0,2.740840023925201,S,0,3,Mr
761,3,male,41.0,0.0,0.0,2.094945728215801,S,0,S,Mr
762,3,male,20.0,0.0,0.0,2.1076888046179385,C,0,2,Mr
763,1,female,36.0,0.6931471805599453,1.0986122886681098,4.795790545596741,S,1,1,Mrs
764,3,male,16.0,0.0,0.0,2.1719067693519296,S,0,3,Mr
765,1,female,51.0,0.6931471805599453,0.0,4.368919865004903,S,1,1,Mrs
766,1,male,40.0,0.0,0.0,3.703768066607687,C,0,1,Other
767,3,female,30.5,0.0,0.0,2.169053700369523,Q,0,3,Mrs
768,3,male,30.0,0.6931471805599453,0.0,3.224857896545748,Q,0,3,Mr
769,3,male,32.0,0.0,0.0,2.236712348843338,S,0,new1,Mr
770,3,male,24.0,0.0,0.0,2.3513752571634776,S,0,3,Mr
771,3,male,48.0,0.0,0.0,2.180891922715322,S,0,3,Mr
772,2,female,57.0,0.0,0.0,2.4423470353692043,S,1,S,Mrs
773,3,male,26.0,0.0,0.0,2.1071782966514356,C,0,2,Mr
774,2,female,54.0,0.6931471805599453,1.3862943611198906,3.1780538303479458,S,0,2,Mrs
775,3,male,18.0,0.0,0.0,2.169053700369523,S,0,3,Mr
776,3,male,30.0,0.0,0.0,2.169053700369523,Q,1,3,Mr
777,3,female,5.0,0.0,0.0,2.600836116795061,S,0,3,Mrs
778,3,male,30.0,0.0,0.0,2.1676241075599285,Q,0,3,Mr
779,1,female,43.0,0.0,0.6931471805599453,5.35817698994543,S,1,2,Mrs
780,3,female,13.0,0.0,0.0,2.1076888046179385,C,0,2,Mrs
781,1,female,17.0,0.6931471805599453,0.0,4.060443010546419,S,1,1,Mrs
782,1,male,29.0,0.0,0.0,3.4339872044851463,S,1,1,Mr
783,3,male,26.0,0.6931471805599453,1.0986122886681098,3.196630215920881,S,0,new1,Mr
784,3,male,25.0,0.0,0.0,2.0856720914304723,S,0,S,Mr
785,3,male,25.0,0.0,0.0,2.1102132003465894,S,0,3,Mr
786,3,female,18.0,0.0,0.0,2.139571923732859,S,0,3,Mrs
787,3,male,8.0,1.6094379124341003,0.6931471805599453,3.405355391810819,Q,0,3,Master
788,3,male,1.0,0.6931471805599453,1.0986122886681098,3.0715352369694915,S,0,C,Master
789,1,male,46.0,0.0,0.0,4.384523514872469,C,1,P,Mr
790,3,male,30.0,0.0,0.0,2.169053700369523,Q,0,1,Mr
791,2,male,16.0,0.0,0.0,3.295836866004329,S,0,2,Mr
792,3,female,22.0,2.1972245773362196,1.0986122886681098,4.256321678298823,S,0,C,Mrs
793,1,male,35.0,0.0,0.0,3.4561841799918147,C,0,P,Mr
794,3,male,25.0,0.0,0.0,2.1855792552411137,S,0,3,Mr
795,2,male,39.0,0.0,0.0,2.6390573296152584,S,0,2,Mr
796,1,female,49.0,0.0,0.0,3.2932111997353943,S,1,1,Other
797,3,female,31.0,0.0,0.0,2.270402752283094,S,0,3,Mrs
798,3,male,30.0,0.0,0.0,2.1076888046179385,C,0,2,Mr
799,3,female,30.0,0.6931471805599453,0.6931471805599453,3.224857896545748,S,0,3,Mrs
800,2,male,34.0,0.0,0.0,2.6390573296152584,S,0,2,Mr
801,2,female,31.0,0.6931471805599453,0.6931471805599453,3.305053521109253,S,0,C,Mrs
802,1,male,11.0,0.6931471805599453,1.0986122886681098,4.795790545596741,S,1,1,Master
803,3,male,0.42,0.0,0.6931471805599453,2.2530481500547457,C,0,2,Master
804,3,male,27.0,0.0,0.0,2.076311648670908,S,0,3,Mr
805,3,male,31.0,0.0,0.0,2.1719067693519296,S,0,3,Mr
806,1,male,39.0,0.0,0.0,0.0,S,1,1,Mr
807,3,female,18.0,0.0,0.0,2.1719067693519296,S,0,3,Mrs
808,2,male,39.0,0.0,0.0,2.6390573296152584,S,0,2,Mr
809,1,female,33.0,0.6931471805599453,0.0,3.9908341858524357,S,1,1,Mrs
810,3,male,26.0,0.0,0.0,2.184645795129359,S,0,3,Mr
811,3,male,39.0,0.0,0.0,3.224857896545748,S,0,new1,Mr
812,2,male,35.0,0.0,0.0,2.4423470353692043,S,0,2,Mr
813,3,female,6.0,1.6094379124341003,1.0986122886681098,3.4742929367327062,S,0,3,Mrs
814,3,male,30.5,0.0,0.0,2.2027647577118348,S,0,3,Mr
815,1,male,42.0,0.0,0.0,0.0,S,1,1,Mr
816,3,female,23.0,0.0,0.0,2.188856327665703,S,0,S,Mrs
817,2,male,31.0,0.6931471805599453,0.6931471805599453,3.637696679934592,C,0,S,Mr
818,3,male,43.0,0.0,0.0,2.0082140323914683,S,0,C,Mr
819,3,male,10.0,1.3862943611198906,1.0986122886681098,3.3638415951183864,S,0,3,Master
820,1,female,52.0,0.6931471805599453,0.6931471805599453,4.548599834499697,S,1,1,Mrs
821,3,male,27.0,0.0,0.0,2.2682524139135403,S,0,3,Mr
822,1,male,38.0,0.0,0.0,0.0,S,0,1,Other
823,3,female,27.0,0.0,0.6931471805599453,2.600836116795061,S,1,3,Mrs
824,3,male,2.0,1.6094379124341003,0.6931471805599453,3.705920919968788,S,0,3,Master
825,3,male,30.0,0.0,0.0,2.0731719286662407,Q,0,3,Mr
826,3,male,26.0,0.0,0.0,4.05171190165724,S,0,1,Mr
827,2,male,1.0,0.0,1.0986122886681098,3.637696679934592,C,0,S,Master
828,3,male,30.0,0.0,0.0,2.169053700369523,Q,0,3,Mr
829,1,female,62.0,0.0,0.0,4.394449154672439,S,1,1,Mrs
830,3,female,15.0,0.6931471805599453,0.0,2.737880811060884,C,0,2,Mrs
831,2,male,0.83,0.6931471805599453,0.6931471805599453,2.9831534913471307,S,0,2,Master
832,3,male,26.0,0.0,0.0,2.1076888046179385,C,0,2,Mr
833,3,male,23.0,0.0,0.0,2.180891922715322,S,0,3,Mr
834,3,male,18.0,0.0,0.0,2.2300144001592104,S,0,2,Mr
835,1,female,39.0,0.6931471805599453,0.6931471805599453,4.432699549165613,C,1,P,Mrs
836,3,male,21.0,0.0,0.0,2.2682524139135403,S,0,3,Mr
837,3,male,26.0,0.0,0.0,2.2027647577118348,S,0,3,Mr
838,3,male,32.0,0.0,0.0,4.05171190165724,S,0,1,Mr
839,1,male,39.0,0.0,0.0,3.4242626545931514,C,1,1,Mr
840,3,male,20.0,0.0,0.0,2.188856327665703,S,0,S,Mr
841,2,male,16.0,0.0,0.0,2.4423470353692043,S,0,S,Mr
842,1,female,30.0,0.0,0.0,3.4657359027997265,C,0,1,Mrs
843,3,male,34.5,0.0,0.0,2.006534770871748,C,0,2,Mr
844,3,male,17.0,0.0,0.0,2.2682524139135403,S,0,3,Mr
845,3,male,42.0,0.0,0.0,2.145931282948669,S,0,C,Mr
846,3,male,26.0,2.1972245773362196,1.0986122886681098,4.256321678298823,S,0,C,Mr
847,3,male,35.0,0.0,0.0,2.1855792552411137,C,0,3,Mr
848,2,male,28.0,0.0,0.6931471805599453,3.5263605246161616,S,0,2,Other
849,1,female,38.0,0.6931471805599453,0.0,4.500966778400217,C,1,1,Mrs
850,3,male,4.0,1.6094379124341003,1.0986122886681098,3.4742929367327062,S,0,3,Master
851,3,male,74.0,0.0,0.0,2.1719067693519296,S,0,3,Mr
852,3,female,9.0,0.6931471805599453,0.6931471805599453,2.7878344138303452,C,0,2,Mrs
853,1,female,16.0,0.0,0.6931471805599453,3.6988297849671046,S,1,P,Mrs
854,2,female,44.0,0.6931471805599453,0.0,3.295836866004329,S,0,2,Mrs
855,3,female,18.0,0.0,0.6931471805599453,2.336986519711378,S,0,3,Mrs
856,1,female,45.0,0.6931471805599453,0.6931471805599453,5.11118445372147,S,0,3,Mrs
857,1,male,51.0,0.0,0.0,3.3160025355989236,S,1,1,Mr
858,3,female,24.0,0.0,1.3862943611198906,3.0085645861193133,C,0,2,Mrs
859,3,male,26.0,0.0,0.0,2.1076888046179385,C,0,2,Mr
860,3,male,41.0,1.0986122886681098,0.0,2.7152442616824506,S,0,3,Mr
861,2,male,21.0,0.6931471805599453,0.0,2.5257286443082556,S,0,2,Mr
862,1,female,48.0,0.0,0.0,3.2932111997353943,S,1,1,Mrs
863,3,female,22.0,2.1972245773362196,1.0986122886681098,4.256321678298823,S,0,C,Mrs
864,2,male,24.0,0.0,0.0,2.6390573296152584,S,0,2,Mr
865,2,female,42.0,0.0,0.0,2.6390573296152584,S,0,2,Mrs
866,2,female,27.0,0.6931471805599453,0.0,2.698558631668595,C,0,S,Mrs
867,1,male,31.0,0.0,0.0,3.941500250945973,S,1,P,Mr
868,3,male,26.0,0.0,0.0,2.3513752571634776,S,0,3,Mr
869,3,male,4.0,0.6931471805599453,0.6931471805599453,2.495953738718064,S,0,3,Master
870,3,male,26.0,0.0,0.0,2.1855792552411137,S,0,3,Mr
871,1,female,47.0,0.6931471805599453,0.6931471805599453,3.9806942251907276,S,1,1,Mrs
872,1,male,33.0,0.0,0.0,1.791759469228055,S,1,new1,Mr
873,3,male,47.0,0.0,0.0,2.302585092994046,S,0,3,Mr
874,2,female,28.0,0.6931471805599453,0.0,3.2188758248682006,C,0,P,Mrs
875,3,female,15.0,0.0,0.0,2.1071782966514356,C,0,2,Mrs
876,3,male,20.0,0.0,0.0,2.3837779082709782,S,0,new1,Mr
877,3,male,19.0,0.0,0.0,2.1855792552411137,S,0,3,Mr
878,3,male,26.0,0.0,0.0,2.1855792552411137,S,0,3,Mr
879,1,female,56.0,0.0,0.6931471805599453,4.432699549165613,C,1,1,Mrs
880,2,female,25.0,0.0,0.6931471805599453,3.295836866004329,S,0,2,Mrs
881,3,male,33.0,0.0,0.0,2.1855792552411137,S,0,3,Mr
882,3,female,22.0,0.0,0.0,2.4437981558973862,S,0,new1,Mrs
883,2,male,28.0,0.0,0.0,2.4423470353692043,S,0,C,Mr
884,3,male,25.0,0.0,0.0,2.0856720914304723,S,0,S,Mr
885,3,female,39.0,0.0,1.791759469228055,3.405355391810819,Q,0,3,Mrs
886,2,male,27.0,0.0,0.0,2.6390573296152584,S,0,2,Other
887,1,female,19.0,0.0,0.0,3.4339872044851463,S,1,1,Mrs
888,3,female,22.0,0.6931471805599453,1.0986122886681098,3.196630215920881,S,0,new1,Mrs
889,1,male,26.0,0.0,0.0,3.4339872044851463,C,1,1,Mr
890,3,male,32.0,0.0,0.0,2.169053700369523,Q,0,3,Mr
0,3,male,34.5,0.0,0.0,2.17806441028492,Q,0,3,Mr
1,3,female,47.0,0.6931471805599453,0.0,2.0794415416798357,S,0,3,Mrs
2,2,male,62.0,0.0,0.0,2.3690748342628787,Q,0,2,Mr
3,3,male,27.0,0.0,0.0,2.2682524139135403,S,0,3,Mr
4,3,female,22.0,0.6931471805599453,0.6931471805599453,2.586823743668066,S,0,3,Mrs
5,3,male,14.0,0.0,0.0,2.3248357019288655,S,0,new1,Mr
6,3,female,30.0,0.0,0.0,2.155151800914312,Q,0,3,Mrs
7,2,male,26.0,0.6931471805599453,0.6931471805599453,3.4011973816621555,S,0,2,Mr
8,3,female,18.0,0.0,0.0,2.1076888046179385,C,0,2,Mrs
9,3,male,21.0,1.0986122886681098,0.0,3.224857896545748,S,0,new1,Mr
10,3,male,26.0,0.0,0.0,2.1855792552411137,S,0,3,Mr
11,1,male,46.0,0.0,0.0,3.295836866004329,S,0,new1,Mr
12,1,female,23.0,0.6931471805599453,0.0,4.422048709343544,S,1,2,Mrs
13,2,male,63.0,0.6931471805599453,0.0,3.295836866004329,S,0,2,Mr
14,1,female,47.0,0.6931471805599453,0.0,4.1299529896894684,S,1,new1,Mrs
15,2,female,24.0,0.6931471805599453,0.0,3.357621598945279,C,0,S,Mrs
16,2,male,35.0,0.0,0.0,2.5915163848462583,Q,0,2,Mr
17,3,male,21.0,0.0,0.0,2.1071782966514356,C,0,2,Mr
18,3,female,27.0,0.6931471805599453,0.0,2.188856327665703,S,0,S,Mrs
19,3,female,45.0,0.0,0.0,2.1071782966514356,C,0,2,Mrs
20,1,male,55.0,0.6931471805599453,0.0,4.100989104940769,C,0,P,Mr
21,3,male,9.0,0.0,0.6931471805599453,1.428107863933301,S,0,C,Master
22,1,female,33.0,0.0,0.0,3.4868642440859134,S,0,P,Mrs
23,1,male,21.0,0.0,0.6931471805599453,4.133231886474144,C,0,P,Mr
24,1,female,48.0,0.6931471805599453,1.3862943611198906,5.5735788721243535,C,1,P,Mrs
25,3,male,50.0,0.6931471805599453,0.0,2.740840023925201,S,0,new1,Mr
26,1,female,22.0,0.0,0.6931471805599453,4.142804513146981,C,1,1,Mrs
27,3,male,22.5,0.0,0.0,2.1071782966514356,C,0,2,Mr
28,1,male,41.0,0.0,0.0,3.449987545831587,S,1,1,Mr
29,3,male,26.0,1.0986122886681098,0.0,3.1214482048688246,C,0,2,Mr
30,2,male,50.0,0.6931471805599453,0.0,3.295836866004329,S,0,S,Mr
31,2,male,24.0,1.0986122886681098,0.0,3.481240089335692,S,0,C,Mr
32,3,female,33.0,0.6931471805599453,1.0986122886681098,3.0715352369694915,S,0,C,Mrs
33,3,female,22.0,0.6931471805599453,1.0986122886681098,3.196630215920881,S,0,new1,Mrs
34,1,male,30.0,0.6931471805599453,0.0,4.073291153024268,C,1,1,Mr
35,3,male,18.5,0.0,0.0,2.1076888046179385,C,0,2,Mr
36,3,female,22.0,0.0,0.0,2.2027647577118348,S,0,3,Mrs
37,3,female,21.0,0.0,0.0,2.2682524139135403,S,0,3,Mrs
38,3,male,25.0,0.0,0.0,2.3513752571634776,S,0,3,Mr
39,3,male,26.0,0.0,0.0,4.05171190165724,S,0,1,Mr
40,3,male,39.0,0.0,0.6931471805599453,2.668387256845834,C,0,3,Mr
41,1,male,42.0,0.0,0.0,3.3160025355989236,S,1,1,Mr
42,3,male,41.0,0.0,0.0,2.180417459019838,S,0,S,Mr
43,2,female,30.0,0.0,0.0,2.6390573296152584,S,0,2,Mrs
44,1,female,45.0,0.6931471805599453,0.0,3.9806942251907276,S,1,1,Mrs
45,3,male,25.0,0.0,0.0,2.188856327665703,S,0,S,Mr
46,1,male,45.0,0.0,0.0,3.4242626545931514,C,1,P,Mr
47,3,male,30.0,0.0,0.0,2.169053700369523,Q,0,3,Mr
48,1,female,60.0,0.0,0.0,4.347586575960343,C,1,1,Mrs
49,3,female,36.0,0.0,1.0986122886681098,2.8273136219290276,S,0,C,Mrs
50,1,male,24.0,0.6931471805599453,0.0,4.110873864173311,S,1,1,Mr
51,2,male,27.0,0.0,0.0,2.7746678094393658,C,0,S,Mr
52,2,female,20.0,1.0986122886681098,0.6931471805599453,3.1780538303479458,S,0,2,Mrs
53,1,female,28.0,1.3862943611198906,1.0986122886681098,5.575949103146316,S,1,1,Mrs
54,2,male,29.5,0.0,0.0,2.808148897638332,C,0,S,Mr
55,3,male,10.0,1.6094379124341003,0.6931471805599453,3.405355391810819,Q,0,3,Master
56,3,male,35.0,0.0,0.0,2.1855792552411137,S,0,3,Mr
57,3,male,25.0,0.0,0.0,2.157559320943788,S,1,3,Mr
58,3,male,26.0,0.6931471805599453,0.0,2.8390784635086144,S,0,3,Mr
59,1,female,36.0,0.0,0.0,5.5735788721243535,C,1,P,Mrs
60,3,male,17.0,0.0,0.0,2.1855792552411137,S,0,3,Mr
61,2,male,32.0,0.0,0.0,2.6741486494265287,S,0,2,Mr
62,3,male,18.0,0.0,0.0,2.169053700369523,S,0,3,Mr
63,3,female,22.0,0.0,0.0,2.1661924680884908,Q,0,3,Mrs
64,1,male,13.0,1.0986122886681098,1.0986122886681098,5.5735788721243535,C,1,P,Master
65,2,female,28.0,0.0,0.0,3.091042453358316,S,0,C,Mrs
66,3,female,18.0,0.0,0.0,2.1837114628556327,Q,0,3,Mrs
67,1,male,47.0,0.0,0.0,3.770459441106359,S,0,1,Mr
68,1,male,31.0,0.0,0.0,3.3856606425130265,C,1,2,Mr
69,1,female,60.0,0.6931471805599453,1.6094379124341003,5.575949103146316,S,1,1,Mrs
70,3,female,24.0,0.0,0.0,2.169053700369523,Q,0,3,Mrs
71,3,male,21.0,0.0,0.0,2.1855792552411137,S,0,3,Mr
72,3,female,29.0,0.0,0.0,2.188856327665703,S,0,3,Mrs
73,1,male,28.5,0.0,0.0,3.357621598945279,C,1,P,Mr
74,1,female,35.0,0.0,0.0,5.358941988364472,C,1,1,Mrs
75,1,male,32.5,0.0,0.0,5.358941988364472,C,1,1,Mr
76,3,male,26.0,0.0,0.0,2.2027647577118348,S,0,3,Mr
77,1,female,55.0,1.0986122886681098,0.0,3.2846635654062037,S,1,1,Mrs
78,2,male,30.0,0.0,0.0,2.6390573296152584,S,0,2,Mr
79,3,female,24.0,0.0,0.0,2.169053700369523,Q,0,3,Mrs
80,3,male,6.0,0.6931471805599453,0.6931471805599453,2.7878344138303452,C,0,2,Master
81,1,male,67.0,0.6931471805599453,0.0,5.406181146423973,S,1,P,Mr
82,1,male,49.0,0.0,0.0,3.295836866004329,S,0,1,Mr
83,3,male,26.0,0.0,0.0,2.1855792552411137,S,0,3,Mr
84,2,male,61.0,0.0,0.0,2.4602979920066583,Q,0,2,Mr
85,3,male,26.0,0.6931471805599453,0.0,2.737880811060884,C,0,2,Mr
86,3,female,27.0,0.0,0.0,2.1837114628556327,Q,0,3,Mrs
87,3,female,18.0,0.0,0.0,2.2027647577118348,S,0,new1,Mrs
88,3,female,22.0,0.0,0.0,2.169053700369523,Q,0,3,Other
89,2,male,2.0,0.6931471805599453,0.6931471805599453,3.1780538303479458,S,0,2,Master
90,3,female,22.0,0.6931471805599453,0.0,2.7013612129514133,S,0,3,Mrs
91,3,male,26.0,0.0,0.0,2.1719067693519296,S,0,3,Mr
92,1,female,27.0,0.6931471805599453,1.0986122886681098,3.970291913552122,S,1,C,Mrs
93,3,male,26.0,0.0,0.0,2.2027647577118348,S,0,3,Mr
94,1,male,25.0,0.0,0.0,3.295836866004329,C,0,1,Mr
95,3,male,25.0,0.0,0.0,2.174274334826008,S,0,3,Mr
96,1,female,76.0,0.6931471805599453,0.0,4.380149874661021,S,1,1,Mrs
97,3,male,29.0,0.0,0.0,2.188856327665703,S,0,S,Mr
98,3,female,20.0,0.0,0.0,2.180891922715322,S,0,3,Mrs
99,3,male,33.0,0.0,0.0,2.2027647577118348,S,0,new1,Mr
100,1,female,43.0,0.6931471805599453,0.0,4.0332082470129285,C,1,1,Mrs
101,2,male,27.0,0.6931471805599453,0.0,3.295836866004329,S,0,2,Mr
102,3,male,30.0,0.0,0.0,2.169053700369523,Q,0,3,Mr
103,3,male,26.0,0.0,0.0,2.1719067693519296,S,0,3,Mr
104,3,female,16.0,0.6931471805599453,0.6931471805599453,2.2530481500547457,C,0,2,Mrs
105,3,male,28.0,0.0,0.0,3.1580636854714434,S,0,C,Mr
106,3,male,21.0,0.0,0.0,2.177112568853282,Q,0,3,Mr
107,3,male,30.0,0.0,0.0,2.169053700369523,Q,0,3,Mr
108,3,male,26.0,0.0,0.0,2.2734137156937657,S,0,3,Mr
109,2,male,18.5,0.0,0.0,2.6390573296152584,S,1,2,Mr
110,2,male,41.0,0.0,0.0,2.775447133088262,C,0,2,Mr
111,3,female,22.0,0.0,0.0,2.172385287322574,Q,0,3,Mrs
112,1,female,36.0,0.0,0.0,3.486738789888005,C,1,P,Mrs
113,3,female,18.5,0.0,0.0,2.114241439721562,Q,0,3,Mrs
114,1,female,63.0,0.6931471805599453,0.0,5.406181146423973,S,1,P,Mrs
115,3,male,18.0,0.6931471805599453,0.0,2.737880811060884,C,0,2,Mr
116,3,male,26.0,0.0,0.0,2.006534770871748,C,0,2,Mr
117,3,female,1.0,0.6931471805599453,0.6931471805599453,2.8735646395797834,S,1,P,Mrs
118,1,male,36.0,0.0,0.0,4.333908557103646,C,1,1,Mr
119,2,female,29.0,0.6931471805599453,0.0,3.295836866004329,S,0,S,Mrs
120,2,female,12.0,0.0,0.0,2.8183982582710754,S,0,C,Mrs
121,3,male,30.0,0.6931471805599453,0.0,2.169053700369523,Q,0,3,Mr
122,1,female,35.0,0.6931471805599453,0.0,4.073291153024268,C,1,1,Mrs
123,3,male,28.0,0.0,0.0,2.1102132003465894,S,0,3,Mr
124,3,male,30.0,0.0,0.0,2.169053700369523,Q,0,3,Mr
125,3,female,17.0,0.0,0.6931471805599453,2.8390784635086144,S,0,3,Mrs
126,3,male,22.0,0.0,0.0,2.174274334826008,S,0,3,Mr
127,3,female,22.0,1.0986122886681098,0.0,3.188416617383492,Q,0,3,Mrs
128,2,male,42.0,0.0,0.0,2.6390573296152584,S,0,2,Mr
129,3,male,24.0,0.0,0.0,2.2027647577118348,S,0,3,Mr
130,3,male,32.0,0.0,0.0,2.2027647577118348,S,0,S,Mr
131,1,male,53.0,0.0,0.0,3.3843902633457743,C,1,1,Other
132,3,female,22.0,0.0,1.6094379124341003,3.275887339030031,S,0,new1,Mrs
133,3,male,26.0,0.6931471805599453,0.0,2.006534770871748,C,0,2,Mr
134,3,male,43.0,0.0,0.0,2.1855792552411137,S,0,3,Mr
135,3,male,24.0,0.0,0.0,2.180891922715322,S,0,3,Mr
136,3,male,26.5,0.0,0.0,2.1071782966514356,C,0,2,Mr
137,2,male,26.0,0.0,0.0,2.6390573296152584,S,0,2,Mr
138,3,female,23.0,0.0,0.0,2.2027647577118348,S,0,S,Mrs
139,3,male,40.0,0.6931471805599453,1.9459101490553132,3.8691155044168695,S,0,C,Mr
140,3,female,10.0,1.791759469228055,1.0986122886681098,3.8691155044168695,S,0,C,Mrs
141,1,female,33.0,0.0,0.0,5.027492411162679,S,0,1,Mrs
142,1,male,61.0,0.6931471805599453,1.3862943611198906,5.5735788721243535,C,1,P,Mr
143,2,male,28.0,0.0,0.0,3.295836866004329,S,0,2,Mr
144,1,male,42.0,0.0,0.0,3.3160025355989236,S,0,1,Mr
145,3,male,31.0,1.3862943611198906,0.0,2.9444389791664403,S,0,3,Mr
146,1,male,42.0,0.0,0.0,3.967694202798607,S,1,1,Mr
147,3,male,22.0,0.0,0.0,2.2027647577118348,S,0,S,Mr
148,1,male,43.5,0.0,0.0,3.3160025355989236,S,0,1,Mr
149,2,male,30.0,0.6931471805599453,0.6931471805599453,3.295836866004329,S,0,2,Other
150,1,female,23.0,0.0,0.6931471805599453,4.432699549165613,C,1,1,Mrs
151,3,male,26.0,0.0,0.0,2.1855792552411137,C,0,3,Mr
152,3,male,60.5,0.0,0.0,2.1855792552411137,S,0,3,Mr
153,3,female,36.0,0.0,1.0986122886681098,2.57895087709735,S,0,3,Mrs
154,3,male,13.0,1.6094379124341003,1.0986122886681098,3.4777725458882283,S,0,3,Master
155,3,male,24.0,0.0,0.0,2.145931282948669,S,0,S,Mr
156,1,female,29.0,0.0,0.0,5.406181146423973,S,1,P,Mrs
157,3,female,23.0,0.0,0.0,2.180891922715322,S,0,3,Mrs
158,1,male,42.0,0.0,0.0,3.3160025355989236,S,1,1,Mr
159,3,female,26.0,0.0,1.0986122886681098,2.692936563292162,S,0,S,Mrs
160,3,female,22.0,0.0,0.0,2.167143305297764,Q,0,3,Mrs
161,3,male,7.0,0.6931471805599453,0.6931471805599453,2.7878344138303452,C,0,2,Master
162,2,female,26.0,0.0,0.0,2.6741486494265287,S,0,2,Mrs
163,3,male,26.0,0.0,0.0,2.0794415416798357,S,0,3,Mr
164,2,male,41.0,0.0,0.0,2.6390573296152584,S,0,2,Other
165,3,female,26.0,0.6931471805599453,0.6931471805599453,3.1365805821413706,S,0,3,Mrs
166,1,male,48.0,0.0,0.0,3.941500250945973,C,1,P,Mr
167,3,male,18.0,1.0986122886681098,1.0986122886681098,3.5660053559634015,S,0,new1,Mr
168,1,female,43.5,0.0,0.0,3.357621598945279,C,0,1,Mrs
169,3,female,22.0,0.0,0.0,2.2988280441163336,S,0,new1,Mrs
170,3,male,26.0,0.0,0.0,2.145931282948669,S,0,S,Mr
171,3,male,27.0,0.0,0.0,2.1071782966514356,C,0,2,Mr
172,3,male,23.0,0.6931471805599453,0.0,2.7013612129514133,S,0,3,Mr
173,3,male,26.0,0.0,0.0,2.1076888046179385,C,0,2,Mr
174,3,male,40.0,0.6931471805599453,1.791759469228055,3.4777725458882283,S,0,3,Mr
175,2,female,15.0,0.0,1.0986122886681098,3.6888794541139363,S,0,2,Mrs
176,2,female,20.0,0.0,0.0,3.6309854756950335,S,0,C,Mrs
177,1,male,54.0,0.6931471805599453,0.0,4.0332082470129285,C,1,1,Mr
178,2,female,36.0,0.0,1.3862943611198906,3.6888794541139363,S,1,2,Mrs
179,1,female,64.0,0.0,1.0986122886681098,4.432699549165613,C,1,P,Mrs
180,2,male,30.0,0.0,0.0,2.6390573296152584,S,0,2,Mr
181,1,male,37.0,0.6931471805599453,0.6931471805599453,4.432699549165613,C,1,P,Mr
182,1,female,18.0,0.6931471805599453,0.0,3.9908341858524357,S,1,1,Mrs
183,3,male,30.0,0.0,0.0,2.169053700369523,Q,0,new1,Mr
184,1,female,27.0,0.6931471805599453,0.6931471805599453,5.515526544247129,C,1,P,Mrs
185,2,male,40.0,0.0,0.0,2.833213344056216,S,0,2,Mr
186,2,female,21.0,0.0,0.6931471805599453,3.091042453358316,S,0,S,Mrs
187,3,male,17.0,1.0986122886681098,0.0,2.2027647577118348,S,0,new1,Mr
188,3,female,22.0,2.1972245773362196,1.0986122886681098,4.256321678298823,S,0,C,Mrs
189,2,male,40.0,0.0,0.0,2.6390573296152584,S,0,2,Mr
190,2,male,34.0,0.6931471805599453,0.0,3.295836866004329,S,0,2,Mr
191,1,male,43.5,0.0,0.0,3.295836866004329,S,0,1,Mr
192,3,male,11.5,0.6931471805599453,0.6931471805599453,2.740840023925201,S,0,new1,Master
193,2,male,61.0,0.0,0.0,2.5915163848462583,Q,0,2,Mr
194,2,male,8.0,0.0,1.0986122886681098,3.5115454388310208,S,0,2,Master
195,3,male,33.0,0.0,0.0,2.180891922715322,S,0,3,Mr
196,1,male,6.0,0.0,1.0986122886681098,4.908971640319756,C,1,1,Master
197,3,female,18.0,0.0,0.0,2.1719067693519296,S,0,3,Mrs
198,2,male,23.0,0.0,0.0,2.4423470353692043,S,0,C,Mr
199,3,female,22.0,0.0,0.0,2.2096470973347766,S,0,new1,Mrs
200,3,female,22.0,0.0,0.0,2.803360380906535,Q,0,3,Mrs
201,3,male,0.33,0.0,1.0986122886681098,2.7343675094195836,S,0,3,Master
202,1,male,47.0,0.6931471805599453,0.0,5.4316456135398825,C,1,P,Other
203,2,female,8.0,0.6931471805599453,0.6931471805599453,3.295836866004329,S,0,2,Mrs
204,2,male,25.0,0.0,0.0,2.4423470353692043,S,0,C,Mr
205,1,male,35.0,0.0,0.0,3.286224144821269,C,0,C,Mr
206,3,female,35.0,0.0,0.0,2.169053700369523,Q,0,new1,Mrs
207,2,male,24.0,0.0,0.0,2.4423470353692043,S,0,2,Mr
208,1,female,33.0,0.0,0.0,3.357621598945279,C,1,P,Mrs
209,3,male,25.0,0.0,0.0,2.1855792552411137,S,0,3,Mr
210,3,male,32.0,0.0,0.0,3.1580636854714434,S,0,C,Mr
211,3,male,26.0,0.0,0.0,2.0856720914304723,S,0,S,Mr
212,2,male,17.0,0.0,0.0,4.310799125385514,S,0,S,Mr
213,2,female,60.0,0.6931471805599453,0.0,3.295836866004329,S,0,2,Mrs
214,3,female,38.0,1.6094379124341003,1.0986122886681098,2.1719067693519296,S,0,3,Mrs
215,1,male,42.0,0.0,0.0,3.7727609380946383,S,1,1,Mr
216,3,female,22.0,0.0,0.0,2.1837114628556327,Q,0,3,Mrs
217,1,male,57.0,0.6931471805599453,0.6931471805599453,5.11118445372147,S,0,3,Mr
218,1,female,50.0,0.6931471805599453,0.6931471805599453,5.358941988364472,C,1,1,Mrs
219,3,male,26.0,0.0,0.0,2.2027647577118348,S,0,3,Mr
220,2,female,30.0,0.6931471805599453,0.0,2.698558631668595,C,0,S,Mrs
221,3,male,21.0,0.0,0.0,2.2027647577118348,S,0,3,Mr
222,2,female,22.0,0.0,0.0,2.4423470353692043,S,1,new1,Mrs
223,3,male,21.0,0.0,0.0,2.174274334826008,S,0,3,Mr
224,1,female,53.0,0.0,0.0,3.34800052225782,C,0,P,Mrs
225,3,female,15.0,0.0,1.0986122886681098,2.7878344138303452,C,0,2,Mrs
226,3,male,23.0,0.0,0.0,2.174274334826008,S,0,3,Mr
227,3,female,22.0,0.0,0.0,2.169053700369523,Q,0,3,Mrs
228,3,male,40.5,0.0,0.0,2.7788192719904172,S,0,C,Mr
229,2,male,36.0,0.0,0.0,2.6390573296152584,S,0,2,Mr
230,2,male,14.0,0.0,0.0,4.189654742026425,S,0,2,Mr
231,1,female,21.0,0.0,0.0,3.3160025355989236,S,0,1,Mrs
232,3,male,21.0,0.6931471805599453,0.0,2.0143428636837015,S,0,3,Mr
233,3,male,30.0,0.0,0.0,2.1837114628556327,Q,0,3,Mr
234,1,male,39.0,0.6931471805599453,0.0,4.2805931204649,C,1,P,Mr
235,3,male,20.0,0.0,0.0,2.180891922715322,S,0,3,Mr
236,1,male,64.0,0.6931471805599453,0.0,4.334017415487521,C,1,1,Mr
237,3,male,20.0,0.0,0.0,2.1071782966514356,C,0,2,Mr
238,2,female,18.0,0.6931471805599453,0.6931471805599453,2.6390573296152584,S,0,2,Mrs
239,1,female,48.0,0.6931471805599453,0.0,4.676792929661059,C,1,P,Mrs
240,1,female,55.0,0.0,0.0,3.357621598945279,C,0,1,Mrs
241,2,female,45.0,0.0,1.0986122886681098,3.4339872044851463,S,0,2,Mrs
242,1,male,45.0,0.6931471805599453,0.6931471805599453,4.908971640319756,C,1,1,Mr
243,3,male,26.0,0.0,0.0,2.184645795129359,S,0,3,Mr
244,3,male,5.0,0.6931471805599453,1.0986122886681098,3.196630215920881,S,0,new1,Master
245,1,male,41.0,0.6931471805599453,0.0,3.967694202798607,S,1,1,Mr
246,2,female,22.0,0.0,0.0,3.091042453358316,S,0,C,Mrs
247,2,male,42.0,0.6931471805599453,0.6931471805599453,3.5115454388310208,S,0,2,Mr
248,2,female,29.0,0.6931471805599453,0.0,3.295836866004329,S,0,2,Mrs
249,3,female,15.0,0.6931471805599453,0.0,2.737880811060884,C,0,2,Mrs
250,2,female,0.92,0.6931471805599453,1.0986122886681098,3.3586377672433594,S,0,C,Mrs
251,3,male,20.0,0.0,0.0,2.188856327665703,S,0,S,Mr
252,1,male,27.0,0.6931471805599453,0.0,4.925652403790231,C,1,1,Mr
253,3,male,24.0,0.0,0.0,2.3345681388470965,S,0,new1,Mr
254,3,male,32.5,0.0,0.0,2.3513752571634776,S,0,3,Mr
255,3,male,26.0,0.0,0.0,2.145931282948669,S,0,C,Mr
256,3,male,30.0,0.0,0.0,2.169053700369523,Q,0,new1,Mr
257,3,male,28.0,0.0,0.0,2.2027647577118348,S,0,3,Mr
258,2,female,19.0,0.0,0.0,2.6390573296152584,S,0,2,Mrs
259,3,male,21.0,0.0,0.0,2.1719067693519296,S,0,3,Mr
260,3,male,36.5,0.6931471805599453,0.0,2.91235066461494,S,0,3,Mr
261,3,male,21.0,0.0,0.0,2.180891922715322,S,0,3,Mr
262,2,female,29.0,0.0,1.0986122886681098,3.1780538303479458,S,0,2,Mrs
263,3,female,1.0,0.6931471805599453,0.6931471805599453,2.57895087709735,S,0,3,Mrs
264,2,male,30.0,0.0,0.0,2.62012931972974,C,0,C,Mr
265,3,male,26.0,0.0,0.0,2.1855792552411137,S,0,3,Mr
266,1,male,43.5,0.0,0.0,0.0,S,0,1,Mr
267,3,male,26.0,0.0,0.0,2.145931282948669,S,0,C,Mr
268,3,female,22.0,0.0,0.0,2.2027647577118348,S,0,new1,Mrs
269,3,male,17.0,0.0,0.0,2.2682524139135403,S,0,3,Mr
270,1,male,46.0,0.0,0.0,4.333908557103646,C,1,1,Mr
271,3,male,30.0,0.0,0.0,2.169053700369523,Q,0,3,Mr
272,1,female,26.0,0.6931471805599453,0.0,4.925652403790231,C,1,1,Mrs
273,3,female,22.0,0.6931471805599453,0.0,2.803360380906535,Q,0,3,Mrs
274,3,male,26.0,0.0,0.0,2.1071782966514356,C,0,2,Mr
275,2,female,20.0,0.6931471805599453,0.0,3.295836866004329,S,0,2,Mrs
276,2,male,28.0,0.0,0.0,2.4423470353692043,S,0,S,Mr
277,2,male,40.0,0.6931471805599453,0.0,3.295836866004329,S,0,2,Mr
278,2,male,30.0,0.6931471805599453,0.0,3.091042453358316,S,0,C,Mr
279,2,male,22.0,0.0,0.0,2.4423470353692043,S,0,new1,Mr
280,3,female,23.0,0.0,0.0,2.2682524139135403,S,0,3,Mrs
281,3,male,0.75,0.6931471805599453,0.6931471805599453,2.692936563292162,S,0,S,Master
282,3,female,22.0,0.0,0.0,2.169053700369523,Q,0,3,Mrs
283,3,female,9.0,0.6931471805599453,0.6931471805599453,2.7878344138303452,C,0,2,Mrs
284,3,female,2.0,0.6931471805599453,0.6931471805599453,3.0545906305603445,S,0,3,Mrs
285,3,male,36.0,0.0,0.0,2.1102132003465894,S,0,new1,Mr
286,3,male,26.0,0.0,0.0,2.1102132003465894,S,0,S,Mr
287,1,male,24.0,0.6931471805599453,0.0,4.422048709343544,S,1,2,Mr
288,3,male,25.0,0.0,0.0,2.1076888046179385,C,1,2,Mr
289,3,male,26.0,0.0,0.0,2.2027647577118348,S,0,new1,Mr
290,1,male,43.5,0.0,0.0,3.703768066607687,S,0,P,Mr
291,3,female,30.0,0.0,0.0,2.0731719286662407,Q,0,3,Mrs
292,3,male,26.0,0.0,0.0,2.1076888046179385,C,0,2,Mr
293,1,male,53.0,0.6931471805599453,0.6931471805599453,4.417131919904876,S,1,3,Other
294,3,male,36.0,0.0,0.0,2.3513752571634776,S,0,3,Mr
295,3,male,26.0,0.0,0.0,2.1855792552411137,S,0,3,Mr
296,2,female,1.0,0.6931471805599453,1.0986122886681098,3.7513658711253766,C,0,S,Mrs
297,3,male,26.0,1.0986122886681098,0.0,3.1214482048688246,C,0,2,Mr
298,1,male,30.0,0.0,0.0,3.8394523125933104,S,0,1,Mr
299,3,male,29.0,0.0,0.0,2.180891922715322,S,0,3,Mr
300,3,male,32.0,0.0,0.0,2.1719067693519296,S,0,3,Mr
301,2,male,28.0,0.0,0.0,2.775447133088262,C,1,2,Mr
302,2,male,43.0,0.0,0.6931471805599453,3.091042453358316,S,0,S,Mr
303,3,male,24.0,0.0,0.0,2.2682524139135403,S,0,3,Mr
304,3,female,22.0,0.0,0.0,2.169053700369523,Q,0,3,Mrs
305,1,female,64.0,0.6931471805599453,0.6931471805599453,3.3160025355989236,S,1,1,Mrs
306,1,male,30.0,0.6931471805599453,1.0986122886681098,5.027492411162679,S,1,1,Mr
307,3,male,0.83,0.0,0.6931471805599453,2.336986519711378,S,0,3,Master
308,1,male,55.0,0.6931471805599453,0.6931471805599453,4.548599834499697,S,1,1,Mr
309,3,female,45.0,0.6931471805599453,0.0,2.7152442616824506,S,0,3,Mrs
310,3,male,18.0,0.0,0.0,2.2682524139135403,S,0,3,Mr
311,3,male,22.0,0.0,0.0,2.1071782966514356,C,0,2,Mr
312,3,male,26.0,0.0,0.0,2.1488509930520037,S,0,new1,Mr
313,3,female,37.0,0.0,0.0,2.169053700369523,Q,0,3,Mrs
314,1,female,55.0,0.0,0.0,4.91730069488021,C,1,P,Mrs
315,3,female,17.0,0.0,0.0,2.167143305297764,Q,0,new1,Mrs
316,1,male,57.0,0.6931471805599453,0.0,4.993969182787072,C,1,P,Mr
317,2,male,19.0,0.0,0.0,2.4423470353692043,S,0,2,Mr
318,3,male,27.0,0.0,0.0,2.180891922715322,S,0,3,Mr
319,2,male,22.0,1.0986122886681098,0.0,3.481240089335692,S,0,C,Mr
320,3,male,26.0,0.0,0.0,2.1719067693519296,S,0,3,Mr
321,3,male,25.0,0.0,0.0,2.1076888046179385,C,1,2,Mr
322,2,male,26.0,0.0,0.0,2.6390573296152584,S,1,2,Mr
323,1,male,33.0,0.0,0.0,3.3160025355989236,S,0,1,Mr
324,1,female,39.0,0.0,0.0,5.35817698994543,S,0,2,Mrs
325,3,male,23.0,0.0,0.0,2.0856720914304723,S,0,S,Mr
326,2,female,12.0,1.0986122886681098,0.6931471805599453,3.6888794541139363,S,1,2,Mrs
327,1,male,46.0,0.0,0.0,4.384523514872469,C,0,P,Mr
328,2,male,29.0,0.6931471805599453,0.0,3.295836866004329,S,0,2,Mr
329,2,male,21.0,0.0,0.0,2.6390573296152584,S,0,2,Mr
330,2,female,48.0,0.0,1.0986122886681098,3.6309854756950335,S,0,C,Mrs
331,1,male,39.0,0.0,0.0,3.4242626545931514,C,1,P,Mr
332,3,male,26.0,0.0,0.0,2.1071782966514356,C,0,2,Mr
333,3,female,19.0,0.6931471805599453,0.6931471805599453,2.817902613071225,C,0,2,Mrs
334,3,male,27.0,0.0,0.0,2.1855792552411137,S,0,3,Mr
335,1,male,30.0,0.0,0.0,3.295836866004329,S,1,1,Mr
336,2,male,32.0,0.0,0.0,2.6390573296152584,S,0,2,Mr
337,3,male,39.0,0.0,1.0986122886681098,2.1076888046179385,C,0,2,Mr
338,2,male,25.0,0.0,0.0,3.481240089335692,S,0,C,Mr
339,3,male,6.5,0.0,0.0,2.1076888046179385,C,0,2,Master
340,2,male,18.0,0.0,0.0,2.4423470353692043,S,0,C,Mr
341,3,male,32.0,0.0,0.0,2.149340669059503,S,0,3,Mr
342,3,male,26.0,0.6931471805599453,2.302585092994046,4.256321678298823,S,0,C,Mr
343,1,female,58.0,0.0,0.6931471805599453,5.673323267171493,C,1,P,Mrs
344,3,male,5.0,0.6931471805599453,0.6931471805599453,2.740840023925201,S,0,new1,Master
345,3,female,16.0,0.0,0.0,2.157559320943788,S,0,3,Mrs
346,2,male,26.0,0.0,0.0,2.6390573296152584,S,0,2,Mr
347,3,female,38.0,0.0,0.0,2.1076888046179385,C,0,2,Mrs
348,2,male,24.0,0.0,0.0,2.6741486494265287,S,0,2,Mr
349,2,female,31.0,0.0,0.0,3.091042453358316,S,0,C,Mrs
350,1,female,45.0,0.0,0.6931471805599453,4.164465907853638,C,1,P,Mrs
351,2,male,25.0,0.0,0.0,2.4423470353692043,S,0,C,Mr
352,2,male,18.0,0.0,0.0,4.310799125385514,S,0,S,Mr
353,2,male,49.0,0.6931471805599453,1.0986122886681098,4.189654742026425,S,0,2,Mr
354,3,female,0.17,0.6931471805599453,1.0986122886681098,3.0715352369694915,S,0,C,Mrs
355,1,male,50.0,0.0,0.0,3.295836866004329,S,1,1,Mr
356,1,female,59.0,1.0986122886681098,0.0,3.960416900617205,S,1,1,Mrs
357,3,male,26.0,0.0,0.0,2.1837114628556327,S,0,1,Mr
358,3,male,30.0,0.0,0.0,2.169053700369523,Q,0,3,Mr
359,3,female,30.0,0.6931471805599453,0.0,2.806386101823072,S,0,3,Mrs
360,3,male,14.5,2.1972245773362196,1.0986122886681098,4.256321678298823,S,0,C,Master
361,2,female,24.0,0.6931471805599453,0.6931471805599453,3.637696679934592,C,0,S,Mrs
362,2,female,31.0,0.0,0.0,3.091042453358316,S,0,C,Mrs
363,3,male,27.0,0.0,0.0,2.2682524139135403,S,0,3,Mr
364,1,female,25.0,0.6931471805599453,0.0,4.0332082470129285,C,1,1,Mrs
365,3,female,22.0,0.6931471805599453,2.302585092994046,4.256321678298823,S,0,C,Mrs
366,3,male,26.0,0.6931471805599453,0.0,2.738146075922933,C,0,2,Mr
367,3,female,22.0,0.0,0.0,3.705920919968788,S,0,3,Mrs
368,1,female,45.0,0.0,0.6931471805599453,4.100989104940769,C,0,1,Mrs
369,2,male,29.0,0.0,0.0,2.698558631668595,C,0,S,Mr
370,2,male,21.0,0.6931471805599453,0.0,2.5257286443082556,S,0,2,Mr
371,1,female,31.0,0.0,0.0,4.908971640319756,C,1,1,Mrs
372,1,male,49.0,0.0,0.0,0.0,S,1,1,Mr
373,2,male,44.0,0.0,0.0,2.6390573296152584,S,0,2,Mr
374,1,female,54.0,0.6931471805599453,0.6931471805599453,4.417131919904876,S,1,3,Mrs
375,1,female,45.0,0.0,0.0,5.5735788721243535,C,0,P,Mrs
376,3,female,22.0,1.0986122886681098,0.0,2.2682524139135403,S,0,3,Mrs
377,2,male,21.0,0.0,0.0,2.5257286443082556,S,0,2,Mr
378,1,male,55.0,0.0,0.0,3.9318256327243257,S,1,new1,Mr
379,3,male,5.0,1.6094379124341003,1.0986122886681098,3.4777725458882283,S,0,3,Master
380,3,male,30.0,0.0,0.0,2.169053700369523,Q,0,3,Mr
381,3,male,26.0,0.0,0.0,2.1837114628556327,Q,0,3,Mr
382,3,female,22.0,0.0,0.0,2.740840023925201,S,0,3,Mrs
383,3,female,19.0,0.6931471805599453,0.0,2.8390784635086144,S,0,3,Mrs
384,2,male,30.0,0.0,0.0,2.630088659632498,S,0,S,Mr
385,2,female,24.0,0.6931471805599453,1.0986122886681098,4.189654742026425,S,0,2,Mrs
386,3,male,24.0,0.0,0.0,2.1719067693519296,S,0,3,Mr
387,2,male,57.0,0.0,0.0,2.6390573296152584,S,0,2,Mr
388,3,male,21.0,0.0,0.0,2.169053700369523,Q,0,3,Mr
389,3,male,6.0,1.3862943611198906,0.6931471805599453,3.0944457464900235,S,0,3,Master
390,1,male,23.0,0.0,0.0,4.548599834499697,S,1,1,Mr
391,1,female,51.0,0.0,0.6931471805599453,3.6988297849671046,S,1,P,Mrs
392,3,male,13.0,0.0,1.0986122886681098,3.056356895370426,S,0,C,Master
393,2,male,47.0,0.0,0.0,2.4423470353692043,S,0,C,Mr
394,3,male,29.0,1.3862943611198906,0.6931471805599453,3.1365805821413706,S,0,3,Mr
395,1,female,18.0,0.6931471805599453,0.0,4.110873864173311,S,1,1,Mrs
396,3,male,24.0,0.0,0.0,2.1102132003465894,Q,0,3,Mr
397,1,female,48.0,0.6931471805599453,0.6931471805599453,4.384523514872469,C,1,1,Mrs
398,3,male,22.0,0.0,0.0,2.1719067693519296,S,0,3,Mr
399,3,male,31.0,0.0,0.0,2.167143305297764,Q,0,2,Mr
400,1,female,30.0,0.0,0.0,5.11118445372147,S,1,3,Mrs
401,2,male,38.0,0.6931471805599453,0.0,3.091042453358316,S,0,2,Mr
402,1,female,22.0,0.0,0.6931471805599453,4.100989104940769,C,0,1,Mrs
403,1,male,17.0,0.0,0.0,3.8732821771117156,S,0,1,Mr
404,1,male,43.0,0.6931471805599453,0.0,3.357621598945279,C,1,1,Mr
405,2,male,20.0,0.0,0.0,2.6988412620169004,C,1,S,Mr
406,2,male,23.0,0.6931471805599453,0.0,2.4423470353692043,S,0,2,Mr
407,1,male,50.0,0.6931471805599453,0.6931471805599453,5.358941988364472,C,1,1,Mr
408,3,female,22.0,0.0,0.0,2.165710976832012,Q,0,3,Mrs
409,3,female,3.0,0.6931471805599453,0.6931471805599453,2.692936563292162,S,0,S,Mrs
410,3,female,22.0,0.0,0.0,2.169053700369523,Q,0,3,Mrs
411,1,female,37.0,0.6931471805599453,0.0,4.51085950651685,Q,1,1,Mrs
412,3,female,28.0,0.0,0.0,2.1719067693519296,S,0,3,Mrs
413,3,male,26.0,0.0,0.0,2.2027647577118348,S,0,new1,Mr
414,1,female,39.0,0.0,0.0,4.699570861409576,C,1,P,Other
415,3,male,38.5,0.0,0.0,2.1102132003465894,S,0,S,Mr
416,3,male,26.0,0.0,0.0,2.2027647577118348,S,0,3,Mr
417,3,male,6.5,0.6931471805599453,0.6931471805599453,3.1509523813392697,C,0,2,Master
